t_id,era,city,date,question,is_high,lo,hi,side,size,fill,p_yes,p_side,edge,raw_wmean,ens_mean,sigma,agreement,spread,yes_px,no_px,mkt_spread,ask_depth,bid_depth,entry,exit,reason,booked,settled,won,outcome,actual,err,z,brier,margin,lead_h,n_signals,first_seen,region
1,paper,Tel Aviv,2026-07-06,Will the highest temperature in Tel Aviv be 31°C on July 6?,1,87.4,88.2,NO,1.6,0.58,0.20682708708859998,0.7931729129114,0.20091791291140013,90.41000000000001,91.71000000000001,2.610795756125798,0.75,2.3599999999999994,0.43,0.57,0.017543859649122723,,,2026-07-04T16:34:34.180743+00:00,2026-07-06T00:00:00Z,RESOLVED_WIN (NO),1.1586,1.1586206896551725,1,NO,,,,0.04277744395355532,3.010000000000005,43.4238386825,186,2026-07-04T16:34:34.177868+00:00,GLOBAL
2,paper,Chicago,2026-07-05,Will the highest temperature in Chicago be between 74-75°F on July 5?,1,74.0,75.0,NO,1.6,0.74,0.019541321776203904,0.9804586782237961,0.22060367822379606,80.204,81.50399999999999,1.7119258161497546,0.75,1.8700000000000045,0.27,0.73,0.02739726027397263,,,2026-07-04T16:34:38.895574+00:00,2026-07-05T00:00:00Z,RESOLVED_WIN (NO),0.5622,0.5621621621621622,1,NO,,,,0.0003818632567611421,6.003999999999991,19.422529007222224,27,2026-07-04T16:34:38.892998+00:00,US
3,paper,Chicago,2026-07-05,Will the highest temperature in Chicago be between 76-77°F on July 5?,1,76.0,77.0,NO,1.5999999999999996,0.68,0.09412688227108991,0.9058731177289101,0.2047343677289101,80.204,81.50399999999999,1.7119258161497546,0.75,1.8700000000000045,0.335,0.665,0.037593984962405964,,,2026-07-04T17:25:24.452661+00:00,2026-07-05T00:00:00Z,RESOLVED_LOSS (YES),-1.6,-1.5999999999999996,0,YES,,,,0.8206061054238958,4.003999999999991,18.576540927499998,39,2026-07-04T16:34:38.236294+00:00,US
4,paper,Tel Aviv,2026-07-07,Will the highest temperature in Tel Aviv be 30°C on July 7?,1,85.6,86.4,NO,1.5985061494435613,0.55,0.2220462486156749,0.7779537513843251,0.22551500138432506,88.26,89.56,2.821208209193138,0.75,1.6899999999999835,0.465,0.535,0.009345794392523372,,,2026-07-05T04:35:42.468438+00:00,2026-07-07T00:00:00Z,RESOLVED_WIN (NO),1.3079,1.3078686677265499,1,NO,,,,0.04930453652429411,2.6599999999999966,55.40486987833333,255,2026-07-05T04:25:36.163414+00:00,GLOBAL
5,paper,Dallas,2026-07-06,Will the highest temperature in Dallas be 93°F or below on July 6?,1,,93.0,NO,1.6380665609049538,0.74,0.0034676506519923933,0.9965323493480076,0.24679359934800763,97.534,98.834,1.9756030762669488,0.75,2.6899999999999977,0.265,0.735,0.00680272108843538,,,2026-07-05T09:59:18.882260+00:00,2026-07-06T00:00:00Z,RESOLVED_WIN (NO),0.5755,0.5755368997774162,1,NO,,,,1.202460104426327e-05,5.334000000000003,26.011421594444446,38,2026-07-05T03:35:05.355736+00:00,US
6,paper,Dallas,2026-07-06,Will the highest temperature in Dallas be between 94-95°F on July 6?,1,94.0,95.0,NO,1.6380665609049538,0.68,0.04833948293417278,0.9516605170658272,0.2606055170658272,99.974,101.274,1.9943330464092512,0.75,1.0600000000000023,0.33,0.67,0.01492537313432837,,,2026-07-05T16:35:37.006302+00:00,2026-07-06T00:00:00Z,RESOLVED_WIN (NO),0.7709,0.7708548521905665,1,NO,,,,0.002336705610343182,5.774000000000001,19.406387138333336,70,2026-07-05T03:04:45.987152+00:00,US
8,paper,London,2026-07-08,Will the lowest temperature in London be 26°C on July 8?,0,78.4,79.2,NO,1.6379326248743857,0.57,0.02546076572113898,0.974539234278861,0.398865484278861,67.617,68.917,2.7039346608842267,1.0,0.7700000000000102,0.445,0.555,,,,2026-07-06T04:37:47.276586+00:00,2026-07-08T00:00:00Z,RESOLVED_WIN (NO),1.2356,1.2356333836771682,1,NO,,,,0.0006482505911067256,8.983000000000004,55.370200948333334,1,2026-07-06T04:37:47.273980+00:00,EU
9,paper,London,2026-07-08,Will the lowest temperature in London be 25°C on July 8?,0,76.6,77.4,NO,1.6379326248743855,0.57,0.06313331030303737,0.9368666896969626,0.3611929396969626,67.617,68.917,2.7039346608842267,1.0,0.7700000000000102,0.445,0.555,,,,2026-07-06T04:37:47.310526+00:00,2026-07-08T00:00:00Z,RESOLVED_WIN (NO),1.2356,1.2356333836771685,1,NO,,,,0.003985814869819605,7.182999999999993,55.37019152055556,1,2026-07-06T04:37:47.308365+00:00,EU
10,paper,New York,2026-07-07,Will the lowest temperature in New York City be between 64-65°F on July 7?,0,64.0,65.0,NO,1.9444256206364987,0.62,0.14967332351931997,0.85032667648068,0.223305626060512,67.084,68.384,1.5833777186761213,0.75,1.3900000000000006,0.39,0.61,0.008403361344537823,,,2026-07-06T22:16:53.033070+00:00,2026-07-07T00:00:00Z,RESOLVED_WIN (NO),1.1917,1.191744735228822,1,NO,,,,0.022402103773319013,2.8840000000000003,13.718601925000002,6,2026-07-06T22:06:46.022804+00:00,US
11,paper,London,2026-07-08,Will the lowest temperature in London be 19°C on July 8?,0,65.8,66.6,NO,1.944425620636499,0.57,0.21021470527893404,0.789785294721066,0.20758350124280514,68.34700000000001,69.647,2.155769018814437,0.75,1.9899999999999949,0.435,0.565,0.008695652173913052,,,2026-07-07T04:11:03.103461+00:00,2026-07-08T00:00:00Z,RESOLVED_WIN (NO),1.4668,1.4668473980240258,1,NO,,,,0.0441902223155091,2.5470000000000113,31.815804594166664,102,2026-07-06T04:37:47.090843+00:00,EU
12,paper,Miami,2026-07-08,Will the lowest temperature in Miami be between 80-81°F on July 8?,0,80.0,81.0,NO,1.8321808291319368,0.56,0.21107083239793106,0.7889291676020689,0.21655416760206883,82.744,84.044,2.107264718870103,1.0,0.9299999999999784,0.45,0.55,0.018181818181818195,,,2026-07-07T09:45:23.689511+00:00,2026-07-08T00:00:00Z,RESOLVED_WIN (NO),1.4396,1.439570651460807,1,NO,,,,0.044550896289155525,2.543999999999997,26.243419580277777,104,2026-07-07T04:21:09.799438+00:00,US
14,paper,Guangzhou,2026-07-09,Will the highest temperature in Guangzhou be 34°C or higher on July 9?,1,92.8,,NO,1.9304050836217275,0.67,0.0321390533577397,0.9678609466422603,0.28664094664226025,87.5855,88.8855,1.8454303177698836,1.0,1.4200000000000017,0.34,0.66,0.015151515151515164,,,2026-07-07T11:26:59.476016+00:00,2026-07-09T00:00:00Z,RESOLVED_WIN (NO),0.9508,0.9507965337241344,1,NO,,,,0.0010329187507316395,3.414500000000004,48.55014555111111,172,2026-07-07T11:26:59.472914+00:00,AP
25,paper,Tokyo,2026-07-13,Will the lowest temperature in Tokyo be 21°C on July 13?,0,69.4,70.2,NO,2.0,0.68,0.048105772964260905,0.9518942270357391,0.2607892270357391,77.2955,78.5955,2.748412610061614,0.75,1.2399999999999949,0.33,0.67,,,,2026-07-11T04:46:38.298133+00:00,2026-07-11T07:11:38.718886+00:00,Take Profit (Price 0.99 >= 0.98),0.9103088235294116,,,,,,,,7.895499999999998,55.22269496305555,252,2026-07-11T04:46:38.295509+00:00,AP
26,paper,Tokyo,2026-07-14,Will the lowest temperature in Tokyo be 22°C on July 14?,0,71.2,72.0,NO,2.0,0.66,0.1089091539703218,0.8910908460296783,0.21996584602967822,77.0705,78.37049999999999,2.7519315805709117,1.0,1.2299999999999898,0.35,0.65,,,,2026-07-12T04:41:21.832934+00:00,2026-07-12T12:23:30.029232+00:00,Take Profit (Price 0.98 >= 0.98),0.9730793939393938,,,,,,,,5.870499999999993,55.310601962777774,252,2026-07-12T04:41:21.830663+00:00,AP
27,paper,Seoul,2026-07-14,Will the lowest temperature in Seoul be 20°C or below on July 14?,0,,66.6,NO,2.0,0.82,7.538584756439093e-10,0.9999999992461415,0.17507624924614143,77.9005,79.20049999999999,2.0022215177767575,0.75,1.9300000000000068,0.195,0.805,,,,2026-07-12T06:03:23.859062+00:00,2026-07-12T09:20:04.099912+00:00,Take Profit (Price 0.98 >= 0.98),0.3955230487804879,,,,,,,,12.100499999999997,53.943372482777775,244,2026-07-12T06:03:23.856556+00:00,AP
28,paper,Madrid,2026-07-13,Will the highest temperature in Madrid be 32°C or below on July 13?,1,,88.2,NO,2.0,0.89,0.006815853200763389,0.9931841467992366,0.08394318115646071,90.71700000000001,92.01700000000001,1.3446435661291285,0.75,1.5600000000000023,0.116,0.884,0.022753128555176357,,,2026-07-12T07:05:29.266283+00:00,2026-07-12T22:07:40.475704+00:00,Take Profit (Price 0.98 >= 0.98),0.20004494382022467,,,,,,,,3.3170000000000073,28.90853714361111,199,2026-07-11T12:48:44.299839+00:00,EU
29,paper,Seoul,2026-07-15,Will the highest temperature in Seoul be 24°C on July 15?,1,74.8,75.6,NO,2.0,0.56,0.141810872255964,0.858189127744036,0.29261537774403595,80.0505,81.3505,2.9278630290190346,0.75,2.180000000000007,0.455,0.545,,,,2026-07-13T04:09:03.362191+00:00,2026-07-13T05:21:09.336059+00:00,Take Profit (Price 0.99 >= 0.98),1.5526830357142853,,,,,,,,5.250500000000002,55.849066058055556,252,2026-07-13T04:09:03.360099+00:00,AP
30,paper,Tokyo,2026-07-15,Will the lowest temperature in Tokyo be 23°C on July 15?,0,73.0,73.8,NO,2.0,0.67,0.10231589441352207,0.8976841055864779,0.2215603555864779,79.2605,80.56049999999999,2.8515192995563554,0.75,2.0600000000000165,0.345,0.655,,,,2026-07-13T04:50:09.199960+00:00,2026-07-13T13:12:25.888429+00:00,Take Profit (Price 0.98 >= 0.98),0.9255762686567162,,,,,,,,6.260499999999993,55.164111122222224,226,2026-07-13T04:39:45.713724+00:00,AP
31,paper,Guangzhou,2026-07-14,Will the highest temperature in Guangzhou be 34°C or higher on July 14?,1,92.8,,NO,2.0,0.88,8.310457988747189e-05,0.9999168954201125,0.11426189542011253,86.04549999999999,87.34549999999999,1.315757861462359,0.75,2.239999999999995,0.13,0.87,0.011494252873563229,2509.1524,1422.0747999999999,2026-07-13T17:59:47.640285+00:00,2026-07-14T16:37:59.989101+00:00,RESOLVED_LOSS (YES),-2.0,-2.0,0,YES,,,,0.9998337977465963,4.95450000000001,18.003433254166666,218,2026-07-12T10:26:06.140598+00:00,AP
32,paper,Munich,2026-07-15,Will the highest temperature in Munich be 29°C or higher on July 15?,1,83.8,,NO,2.0,0.86,0.06038965533142249,0.9396103446685775,0.0836469765310332,79.117,80.417,1.85818875271615,0.75,2.609999999999985,0.1525,0.8475,0.002361275088547818,4709.370299999999,2156.77349,2026-07-13T19:02:05.465280+00:00,2026-07-15T01:45:29.599551+00:00,Take Profit (Price 0.98 >= 0.98),0.28897965116279073,,,,,,,,2.8829999999999956,40.965148533333334,197,2026-07-13T13:22:52.086076+00:00,EU
33,paper,London,2026-07-16,Will the lowest temperature in London be 13°C on July 16?,0,55.0,55.8,NO,2.0,0.67,0.04280375501232909,0.9571962449876709,0.2760762449876708,63.517,64.81700000000001,2.8807553787165117,0.75,1.9599999999999937,0.34,0.66,,0.0,615.7466,2026-07-14T04:39:14.262755+00:00,2026-07-14T08:29:11.071815+00:00,Take Profit (Price 0.99 >= 0.98),0.9537462686567162,,,,,,,,8.51700000000001,55.34603812361111,252,2026-07-14T04:39:14.260034+00:00,EU
34,paper,Seoul,2026-07-16,Will the highest temperature in Seoul be 31°C or higher on July 16?,1,87.4,,NO,2.0,0.83,0.015141351938896097,0.9848586480611039,0.14763989806110395,81.0555,82.35549999999999,2.0977459704867205,0.75,2.6399999999999864,0.175,0.825,0.006060606060606067,6548.269800000001,2746.903599999999,2026-07-14T09:41:57.579600+00:00,2026-07-16T04:42:08.836247+00:00,Take Profit (Price 0.99 >= 0.98),0.374240481927711,,,,,,,,4.5445000000000135,50.30067233333333,241,2026-07-14T06:01:56.984875+00:00,AP
35,paper,Paris,2026-07-15,Will the highest temperature in Paris be 30°C or below on July 15?,1,,84.6,NO,2.0,0.87,0.00019028778189728035,0.9998097122181027,0.13327230611345145,88.757,90.057,1.3950806428303704,0.75,2.4399999999999977,0.1405,0.8595,0.0011627906976744197,6360.97323,4038.9224700000004,2026-07-14T19:55:39.387685+00:00,2026-07-15T09:37:50.917269+00:00,Take Profit (Price 0.98 >= 0.98),0.25784931034482755,,,,,,,,4.957000000000008,16.072392309722222,203,2026-07-13T12:46:38.732397+00:00,EU
36,paper,Tokyo,2026-07-17,Will the lowest temperature in Tokyo be 30°C on July 17?,0,85.6,86.4,NO,2.0,0.66,0.11527551630268258,0.8847244836973174,0.21359948369731735,78.1855,79.4855,2.7104302330277603,1.0,0.9399999999999835,0.35,0.65,,0.0,967.0099999999999,2026-07-15T04:38:08.526403+00:00,2026-07-15T05:09:13.389715+00:00,Take Profit (Price 0.98 >= 0.98),0.9667272727272725,,,,,,,,5.6144999999999925,55.36429822138889,251,2026-07-15T04:38:08.524178+00:00,AP
37,paper,Tokyo,2026-07-17,Will the lowest temperature in Tokyo be 22°C on July 17?,0,71.2,72.0,NO,2.0,0.71,0.06924009300785268,0.9307599069921473,0.20975990699214733,78.1855,79.4855,2.7104302330277603,1.0,0.9399999999999835,0.3,0.7,,0.0,601.0551000000002,2026-07-15T04:38:08.589762+00:00,2026-07-15T15:34:32.149951+00:00,Take Profit (Price 0.98 >= 0.98),0.7578028169014085,,,,,,,,6.985500000000002,55.36428062166667,251,2026-07-15T04:38:08.586648+00:00,AP
38,paper,Seoul,2026-07-17,Will the highest temperature in Seoul be 32°C or higher on July 17?,1,89.2,,NO,2.0,0.85,0.06112779993928885,0.9388722000607111,0.08232345006071116,84.7255,86.0255,1.7306479756586461,0.75,1.940000000000012,0.155,0.845,0.0059171597633136145,7217.593099999999,7997.3777,2026-07-15T21:01:36.545747+00:00,2026-07-17T02:56:34.040018+00:00,Take Profit (Price 0.98 >= 0.98),0.3159088235294118,,,,,,,,2.674500000000009,38.97318173694445,227,2026-07-15T05:29:54.175958+00:00,AP
39,paper,Tokyo,2026-07-18,Will the lowest temperature in Tokyo be 22°C on July 18?,0,71.2,72.0,NO,2.0,0.67,0.0639518307287184,0.9360481692712816,0.2599244192712816,78.3755,79.6755,2.7125315877459886,1.0,0.980000000000004,0.345,0.655,,0.0,620.8466,2026-07-16T04:52:29.409452+00:00,2026-07-16T08:40:00.851920+00:00,Take Profit (Price 0.99 >= 0.98),0.9474841791044775,0.9850746268656714,1,NO,77.0,2.6754999999999995,-0.986347960734068,0.004089836653554645,7.1754999999999995,55.12516404111111,221,2026-07-16T04:52:29.406437+00:00,AP
40,paper,Tokyo,2026-07-18,Will the lowest temperature in Tokyo be 21°C on July 18?,0,69.4,70.2,NO,2.0,0.67,0.025975493338563388,0.9740245066614366,0.29790075666143656,78.3755,79.6755,2.7125315877459886,1.0,0.980000000000004,0.345,0.655,,0.0,619.2736,2026-07-16T04:52:29.413537+00:00,2026-07-16T06:09:50.214440+00:00,Take Profit (Price 1.00 >= 0.98),0.9725397014925371,0.9850746268656714,1,NO,77.0,2.6754999999999995,-0.986347960734068,0.0006747262541817524,8.975499999999997,55.125162906388894,238,2026-07-16T04:52:29.411599+00:00,AP
41,paper,London,2026-07-18,Will the lowest temperature in London be 12°C on July 18?,0,53.2,54.0,NO,2.0,0.66,0.0618478991160904,0.9381521008839095,0.2670271008839095,60.887,62.187,2.8825882495354924,0.75,2.1700000000000017,0.35,0.65,,0.0,627.9676,2026-07-16T05:02:45.492250+00:00,2026-07-16T09:21:39.561586+00:00,Take Profit (Price 0.99 >= 0.98),1.0016789393939394,1.0303030303030303,1,NO,64.4,-2.213000000000008,0.7677128359753137,0.0038251626250741023,7.686999999999998,54.95402993055555,239,2026-07-16T04:42:05.261502+00:00,EU
42,paper,Taipei,2026-07-18,Will the highest temperature in Taipei be 38°C or higher on July 18?,1,100.0,,NO,2.0,0.84,0.006620942195322277,0.9933790578046777,0.14649030780467776,93.1155,94.4155,2.0525215785732,1.0,2.3100000000000165,0.165,0.835,0.005988023952095814,3381.706,673.3845999999998,2026-07-16T07:48:05.724414+00:00,2026-07-18T06:31:43.940958+00:00,Take Profit (bid 0.981 >= 0.98),0.33349535714285716,0.38095238095238093,1,NO,86.0,8.415499999999994,-4.100078697272448,4.383687555379897e-05,5.084500000000006,52.198409885000004,218,2026-07-16T07:17:10.672857+00:00,AP
43,paper,Hong Kong,2026-07-17,Will the highest temperature in Hong Kong be 28°C on July 17?,1,82.0,82.8,NO,2.0,0.72,0.06493190975292237,0.9350680902470776,0.20985789024707763,86.6605,87.9605,1.7493402575026298,0.75,2.019999999999996,0.286,0.714,0.0014005602240896372,16895.19375,5039.53017,2026-07-16T11:36:04.494316+00:00,2026-07-17T07:39:29.940821+00:00,Take Profit (Price 1.00 >= 0.98),0.7748612500000001,,,,,,,,4.660499999999999,24.39875157888889,253,2026-07-15T04:17:27.754134+00:00,AP
44,paper,Hong Kong,2026-07-17,Will the highest temperature in Hong Kong be 27°C on July 17?,1,80.2,81.0,NO,2.0,0.77,0.024409571228615937,0.975590428771384,0.200341678771384,86.2755,87.57549999999999,1.8049788779927571,0.75,2.019999999999996,0.245,0.755,0.014569536423841073,12796.96228,4939.13346,2026-07-16T15:23:25.252470+00:00,2026-07-16T23:48:24.260483+00:00,Take Profit (Price 1.00 >= 0.98),0.5919485714285714,,,,,,,,6.075499999999991,20.609652091666664,254,2026-07-15T04:07:15.155777+00:00,AP
45,paper,Munich,2026-07-19,Will the highest temperature in Munich be 19°C or below on July 19?,1,,64.8,NO,2.0,0.87,0.02692839663574642,0.9730716033642536,0.0821961120347738,67.637,68.937,1.886423902026445,1.0,0.9099999999999824,0.14,0.86,0.02890173410404627,1872.4440000000002,290.9537,2026-07-17T06:57:56.933479+00:00,2026-07-18T11:19:13.617347+00:00,Take Profit (bid 0.988 >= 0.98),0.2685388505747126,,,,,,,,3.6370000000000005,53.03418514472222,160,2026-07-17T06:57:56.930362+00:00,EU
46,paper,New York,2026-07-18,Will the highest temperature in New York City be 77°F or below on July 18?,1,,77.0,NO,2.0,0.82,0.0001448468856536933,0.9998551531143463,0.17718932994361453,80.794,82.094,1.2675390886447901,0.75,1.6899999999999977,0.195,0.805,0.012195121951219454,13511.333899999998,5358.285500000001,2026-07-17T09:30:06.217765+00:00,2026-07-18T11:26:44.675404+00:00,Manual close at live cutover (booked at confirmed bid),0.14685365853658552,-2.0,0,YES,75.2,6.893999999999991,-5.438885523736253,0.9997103272093127,4.593999999999994,26.498272843055556,100,2026-07-17T04:53:47.001766+00:00,US
47,paper,Miami,2026-07-18,Will the lowest temperature in Miami be between 78-79°F on July 18?,0,78.0,79.0,NO,2.0,0.59,0.1873057956479588,0.8126942043520412,0.2005142043520413,81.244,82.544,2.1120751780450195,1.0,1.4099999999999966,0.42,0.58,0.034482758620689585,23379.557199999992,1624.6965,2026-07-17T10:52:55.196367+00:00,2026-07-18T11:26:44.677196+00:00,Manual close at live cutover (booked at confirmed bid),0.3723389830508475,1.3898305084745766,1,NO,82.4,0.14399999999999125,-0.06817939129102432,0.0350834610833149,3.043999999999997,25.11800100916667,92,2026-07-17T06:16:25.126027+00:00,US
48,paper,Lucknow,2026-07-18,Will the highest temperature in Lucknow be 35°C or higher on July 18?,1,94.6,,NO,2.0,0.86,0.014738434078648721,0.9852615659213513,0.11888656592135129,90.1455,91.4455,1.2193107684261602,1.0,1.7299999999999898,0.15,0.85,0.011764705882352951,4220.8315,4393.352,2026-07-17T15:45:16.159482+00:00,2026-07-18T07:05:18.158063+00:00,Take Profit (bid 0.980 >= 0.98),0.2767906976744186,0.32558139534883734,1,NO,84.2,7.245499999999993,-5.942291487634615,0.00021722143909067398,2.6544999999999987,20.245511255,214,2026-07-16T09:00:46.158687+00:00,AP
49,live,Wuhan,2026-07-20,Will the highest temperature in Wuhan be 34°C or higher on July 20?,1,92.8,,NO,2.0,0.41,0.2576871951138573,0.7423128048861427,0.3082153048861427,89.7455,91.0455,1.9285398879929705,1.0,2.569999999999993,0.595,0.405,0.012345679012345621,30771.449,4379.891500000001,2026-07-18T17:58:26.239998+00:00,2026-07-20T09:33:08.325328+00:00,MANUAL_CLOSE_ON_POLYMARKET,2.1354414173926,2.8780487804878048,1,NO,91.4,-0.3545000000000016,0.1838178210402116,0.06640269052564715,1.254499999999993,42.026044445,11,2026-07-18T17:58:25.756715+00:00,AP
50,live,Miami,2026-07-20,Will the lowest temperature in Miami be between 80-81°F on July 20?,0,80.0,81.0,NO,2.0,0.54,0.2068627689665974,0.7931372310334026,0.25652083397457903,83.004,84.304,2.2798636634975242,1.0,1.329999999999984,0.505,0.495,0.058823529411764754,2267.8918000000003,726.7162999999999,2026-07-19T08:37:16.622155+00:00,2026-07-21T03:48:57.240388+00:00,Take Profit (bid 0.990 >= 0.98),1.6613369999999996,1.7037037037037033,1,NO,82.4,1.9039999999999964,-0.835137657783923,0.042792205184527844,2.804000000000002,27.378716068055553,5,2026-07-19T08:37:16.166348+00:00,US
51,live,London,2026-07-20,Will the highest temperature in London be 23°C on July 20?,1,73.0,73.8,NO,2.0,0.7,0.06002868070759097,0.9399713192924091,0.22937256929240912,77.467,78.767,1.6360394249528345,1.0,1.480000000000004,0.305,0.695,0.007194244604316554,5834.0045,3252.7808999999993,2026-07-19T21:34:15.798996+00:00,2026-07-20T13:23:13.923934+00:00,Take Profit (bid 0.990 >= 0.98),0.8236784999999998,0.8571428571428572,1,NO,77.0,1.766999999999996,-1.0800473222403775,0.0036034425074939,4.466999999999999,14.428944723333334,5,2026-07-19T21:34:15.452711+00:00,EU
52,live,Taipei,2026-07-23,Will the highest temperature in Taipei be 36°C on July 23?,1,96.4,97.2,NO,2.0,0.64,0.145025277999844,0.854974722000156,0.20338597200015598,89.8055,91.10549999999999,2.692924471919605,1.0,2.1700000000000017,0.365,0.635,0.007874015748031503,5980.864299999999,2387.0431000000003,2026-07-21T12:42:51.593883+00:00,2026-07-23T06:11:21.862843+00:00,Take Profit (bid 0.989 >= 0.98),1.085485752,1.125,1,NO,93.2,-2.0945000000000107,0.7777789618091229,0.021032331258932033,4.7945000000000135,47.28566836583334,3,2026-07-21T12:42:47.191425+00:00,AP
53,live,Guangzhou,2026-07-23,Will the highest temperature in Guangzhou be 36°C on July 23?,1,96.4,97.2,NO,2.0,0.6,0.16632386183264805,0.833676138167352,0.221581138167352,91.7805,93.0805,1.7034432042190348,1.0,1.8400000000000176,0.41,0.59,0.0169491525423729,6609.456700000001,2731.5112,2026-07-22T15:54:05.769174+00:00,2026-07-23T16:42:15.669576+00:00,RESOLVED_LOSS (YES),-2.0,-2.0,0,YES,,,,0.6950159033496297,2.819500000000005,20.098397451666667,13,2026-07-22T15:54:05.375197+00:00,AP
54,live,Guangzhou,2026-07-24,Will the highest temperature in Guangzhou be 38°C or higher on July 24?,1,100.0,,NO,2.0,0.854,0.05,0.95,0.09190427044632091,93.8455,95.1455,1.789553490256822,1.0,2.1199999999999903,0.174,0.826,0.030156815440289468,9026.90367,2637.4205900000006,2026-07-22T18:42:08.211085+00:00,2026-07-24T06:45:46.690676+00:00,Take Profit (bid 0.980 >= 0.98),0.2902536000000003,0.3419203747072599,1,NO,96.8,-1.6544999999999987,0.9245322975858958,0.0025000000000000044,4.354500000000002,41.29771914305556,73,2026-07-22T18:42:07.507470+00:00,AP
55,live,Guangzhou,2026-07-24,Will the highest temperature in Guangzhou be 37°C on July 24?,1,98.2,99.0,NO,2.0,0.59,0.19467817634328619,0.8053218236567138,0.20318307365671381,93.6905,94.9905,1.9930072839289659,1.0,1.3899999999999864,0.415,0.585,0.008547008547008555,6260.632,2928.701,2026-07-23T04:36:34.892098+00:00,2026-07-24T12:27:23.498289+00:00,EXTERNAL_CLOSE (3.38 sh @ $0.870 manual sale),0.9215,1.3898305084745766,1,NO,96.8,-1.8094999999999999,0.9079244288725307,0.03789959234434764,2.7095000000000056,31.390307750555557,19,2026-07-23T04:36:34.499149+00:00,AP
56,live,Taipei,2026-07-25,Will the highest temperature in Taipei be 37°C or higher on July 25?,1,98.2,,NO,2.0,0.8,0.05,0.95,0.1418512499999999,92.37049999999999,93.67049999999999,1.594118795432183,1.0,1.9399999999999835,0.205,0.795,0.0062893081761006345,1230.5992,1894.7666000000002,2026-07-24T03:48:39.346865+00:00,2026-07-25T07:37:56.673067+00:00,Take Profit (bid 0.980 >= 0.98),0.44510000000000016,0.5,1,NO,96.8,-3.1295000000000073,1.9631535673296956,0.0025000000000000044,4.029500000000013,32.189070315277775,12,2026-07-24T03:48:38.974663+00:00,AP
57,live,Chongqing,2026-07-25,Will the highest temperature in Chongqing be 40°C on July 25?,1,103.6,104.4,NO,2.0,0.56,0.1992406998621632,0.8007593001378368,0.2233942550927917,99.1605,100.4605,2.012016988473692,1.0,2.4299999999999784,0.44,0.56,0.009009009009009016,1452.9846999999997,1955.164,2026-07-24T11:00:35.959577+00:00,2026-07-25T09:28:16.734643+00:00,EXTERNAL_CLOSE (3.57 sh @ $0.920 manual sale),1.2713,1.5714285714285712,1,NO,102.2,-1.7395000000000067,0.8645553243164137,0.039696856481564596,2.639499999999998,24.99001122861111,40,2026-07-24T10:29:06.919508+00:00,AP
58,live,Seoul,2026-07-25,Will the highest temperature in Seoul be 32°C or higher on July 25?,1,89.2,,NO,2.0,0.858,0.05,0.95,0.08560751249999991,82.1005,83.4005,1.0286975989084437,1.0,0.6299999999999812,0.1505,0.8495,0.010005885815185413,9633.32856,2183.3069199999995,2026-07-24T21:41:06.423308+00:00,2026-07-25T07:32:56.241809+00:00,Take Profit (bid 0.985 >= 0.98),0.2924674249999997,0.3310023310023311,1,NO,87.8,-4.399500000000003,4.276767054446648,0.0025000000000000044,5.299500000000009,14.314882414444446,1,2026-07-24T21:41:05.937988+00:00,AP
59,live,Hong Kong,2026-07-26,Will the lowest temperature in Hong Kong be 25°C on July 26?,0,76.6,77.4,NO,2.0,0.6,0.19985186397482735,0.8001481360251727,0.20327775140978807,79.2905,80.59049999999999,2.071730414746011,1.0,1.289999999999992,0.43,0.57,0.025641025641025664,2971.7864999999997,1366.3244000000002,2026-07-25T02:41:26.932468+00:00,2026-07-25T21:48:27.189857+00:00,Take Profit (bid 0.990 >= 0.98),1.2954033,-2.0,0,YES,77.0,3.5904999999999916,-1.7330922857741498,0.6402370395845582,2.690499999999986,33.309185425555555,12,2026-07-25T01:39:54.525382+00:00,AP
60,live,Tel Aviv,2026-07-27,Will the highest temperature in Tel Aviv be 32°C on July 27?,1,89.2,90.0,NO,2.0,0.43,0.22581954952136257,0.7741804504786374,0.3320417004786374,91.755,93.05499999999999,2.890934830986365,1.0,2.4200000000000017,0.585,0.415,0.036144578313252976,3228.4844000000003,1811.8638,2026-07-25T09:38:46.829849+00:00,2026-07-27T22:55:32.299555+00:00,RESOLVED_LOSS (YES),-2.0,-2.0,0,YES,,,,0.5993553699033058,2.5549999999999926,50.353658375277774,1,2026-07-25T09:38:46.379426+00:00,GLOBAL
61,live,New York,2026-07-26,Will the highest temperature in New York City be between 82-83°F on July 26?,1,82.0,83.0,NO,2.0,0.6,0.1753570905712375,0.8246429094287625,0.21259415942876253,85.174,86.474,1.892312248688648,1.0,2.280000000000001,0.405,0.595,0.008403361344537823,16141.0331,3029.1897,2026-07-25T10:41:46.814080+00:00,2026-07-27T05:27:39.137091+00:00,RESOLVED_LOSS (YES),-2.0,-2.0,0,YES,,,,0.6800359280711342,2.9740000000000038,25.303662755555557,24,2026-07-25T10:41:46.395677+00:00,US
62,live,Sao Paulo,2026-07-26,Will the highest temperature in Sao Paulo be 26°C or higher on July 26?,1,78.4,,NO,2.0,0.73,0.14709855422884233,0.8529014457711577,0.11282144577115769,75.17,76.47,1.363256670623693,1.0,2.469999999999999,0.28,0.72,0.013888888888888902,4444.5601,2260.0981999999995,2026-07-25T13:08:46.731482+00:00,2026-07-26T19:14:02.222431+00:00,Take Profit (bid 0.980 >= 0.98),0.6771491999999997,0.7397260273972601,1,NO,77.0,-0.5300000000000011,0.388774917754501,0.021637984656215668,1.4300000000000068,22.853685699444444,28,2026-07-25T13:08:46.359330+00:00,GLOBAL
63,live,Hong Kong,2026-07-26,Will the lowest temperature in Hong Kong be 24°C on July 26?,0,74.8,75.6,NO,2.0,0.66,0.06687731496639601,0.933122685033604,0.261073935033604,79.21549999999999,80.51549999999999,1.6716485126963734,1.0,1.8299999999999983,0.405,0.595,0.10924369747899161,1943.2851,321.1047,2026-07-25T16:59:47.627112+00:00,2026-07-27T03:09:13.560511+00:00,RESOLVED_LOSS (YES),-2.0,1.0303030303030303,1,NO,77.0,3.5154999999999887,-2.1030138652350296,0.00447257525711454,4.415499999999994,19.00343691333333,16,2026-07-25T16:59:47.133027+00:00,AP
64,live,Shenzhen,2026-07-27,Will the highest temperature in Shenzhen be 27°C or below on July 27?,1,,81.0,NO,2.0,0.86,0.05,0.95,0.08865423976608185,86.4055,87.7055,1.5400063739068448,1.0,1.269999999999996,0.15,0.85,0.005847953216374275,5984.075,2686.8996999999995,2026-07-26T01:33:42.289245+00:00,2026-07-27T02:59:00.880865+00:00,Take Profit (bid 0.980 >= 0.98),0.27385280000000023,0.32558139534883734,1,NO,86.0,1.7055000000000007,-1.1074629487885266,0.0025000000000000044,6.205500000000001,34.4382529875,56,2026-07-26T01:33:41.847315+00:00,AP
65,live,Shenzhen,2026-07-27,Will the highest temperature in Shenzhen be 28°C on July 27?,1,82.0,82.8,NO,2.0,0.69,0.08794475368803976,0.9120552463119602,0.2364750959360204,86.6755,87.9755,1.9557681907005278,1.0,1.1299999999999955,0.36,0.64,0.037593984962405964,6629.4477,2911.6515999999997,2026-07-26T04:06:54.973871+00:00,2026-07-27T03:29:42.975643+00:00,Take Profit (bid 0.990 >= 0.98),0.8634801124567476,0.8985507246376816,1,NO,86.0,1.9754999999999967,-1.010089032735726,0.007734279701249986,4.6754999999999995,31.88472948027778,10,2026-07-26T04:06:54.636477+00:00,AP
66,live,Hong Kong,2026-07-27,Will the highest temperature in Hong Kong be 28°C on July 27?,1,82.0,82.8,NO,2.0,0.68,0.10334477162631805,0.896655228373682,0.215590552447756,85.6255,86.9255,1.615601668110055,1.0,1.4399999999999977,0.335,0.665,0.007407407407407414,1727.8296,1832.1114999999995,2026-07-26T17:28:56.676727+00:00,2026-07-28T03:51:39.813546+00:00,RESOLVED_LOSS (YES),-2.0,0.9411764705882351,1,NO,86.0,0.9254999999999995,-0.5728515996660598,0.010680141822495832,3.6255000000000024,18.517589798055557,7,2026-07-26T17:28:56.253481+00:00,AP
67,live,Seoul,2026-07-28,Will the lowest temperature in Seoul be 25°C on July 28?,0,76.6,77.4,NO,2.0,0.56,0.2139273267409118,0.7860726732590881,0.21367392325908807,79.1705,80.4705,2.288595310434432,1.0,1.1199999999999903,0.455,0.545,0.027522935779816536,3061.3150000000005,843.3045000000001,2026-07-26T20:06:26.088247+00:00,2026-07-28T00:00:47.626058+00:00,Take Profit (bid 0.980 >= 0.98),1.4924028,1.5714285714285712,1,NO,78.8,1.670500000000004,-0.7299237188784162,0.04576490112651286,2.5704999999999956,39.892753264722224,10,2026-07-26T19:55:56.261678+00:00,AP
68,live,Houston,2026-07-28,Will the highest temperature in Houston be between 94-95°F on July 28?,1,94.0,95.0,NO,2.0,0.56,0.2142167260104179,0.785783273989582,0.21340827398958198,97.084,98.384,2.589429637547143,1.0,1.9299999999999926,0.45,0.55,0.018181818181818195,2980.5550999999996,2507.7852000000003,2026-07-27T07:10:21.226247+00:00,2026-07-28T16:42:55.546175+00:00,MANUAL_CLOSE_PAUSE,-0.08796480000000001,-2.0,0,YES,95.0,3.3840000000000003,-1.3068514976933376,0.6174553536817865,2.8840000000000003,28.82743715361111,6,2026-07-27T07:10:20.753507+00:00,US
69,live,Chengdu,2026-07-29,Will the highest temperature in Chengdu be 34°C or higher on July 29?,1,92.8,,NO,2.0,0.82,0.05,0.95,0.12230499999999994,86.2905,87.59049999999999,1.8131353120502451,1.0,2.1599999999999966,0.19,0.81,0.012345679012345621,3218.5833000000002,2789.4963999999995,2026-07-27T18:01:25.144225+00:00,2026-07-28T16:42:55.919168+00:00,MANUAL_CLOSE_PAUSE,0.19879829999999993,-2.0,0,YES,93.2,-5.609500000000011,3.093812118002896,0.9025,4.709500000000006,41.97634882638889,128,2026-07-27T18:01:24.792928+00:00,AP
70,live,Sao Paulo,2026-07-29,Will the highest temperature in Sao Paulo be 28°C on July 29?,1,82.0,82.8,NO,2.0,0.86,0.10390552273000137,0.8960944772699986,0.30353351341457685,86.72500000000001,88.025,2.130679324263479,1.0,1.3599999999999994,0.44,0.56,0.036144578313252976,1170.2227999999998,978.9182000000002,2026-07-28T01:22:48.176494+00:00,2026-07-28T16:42:56.237357+00:00,MANUAL_CLOSE_PAUSE,-0.17631999999999987,0.32558139534883734,1,NO,86.0,2.0250000000000057,-0.9504011124245532,0.010796357653794842,4.7250000000000085,34.61995097388889,84,2026-07-28T01:22:47.813989+00:00,GLOBAL
71,live,Sao Paulo,2026-07-29,Will the highest temperature in Sao Paulo be 25°C or below on July 29?,1,,77.4,NO,2.0,0.826,0.05,0.95,0.1163516125,86.725,88.02499999999999,1.4211530446287168,1.0,1.6899999999999977,0.1885,0.8115,0.017868145409735005,2640.4022200000004,601.5172600000001,2026-07-28T06:33:26.985780+00:00,2026-07-28T16:42:56.641062+00:00,MANUAL_CLOSE_PAUSE,-0.32298070199999995,0.4213075060532687,1,NO,86.0,2.0249999999999915,-1.4248993151395828,0.0025000000000000044,10.124999999999986,29.44250395,70,2026-07-28T03:05:34.834350+00:00,GLOBAL
