target_date,city,is_high,entry_price,entry_utc,hours_left,forecast_margin_f,won,net_pnl,bucket_low,bucket_high,question,condition_id,fc,actual
2026-08-17,Miami,True,0.95,2026-08-17T05:47:28+00:00,6.21,5.1,True,0.1504,98.0,99.0,Will the highest temperature in Miami be between 98-99°F on August 17?,0x69b62cc453cbda3457e68007bc649c97910b3fa255ac60ef9f3fa28c7ba0c456,92.9,97.9
2026-08-18,Amsterdam,True,0.94,2026-08-17T22:00:15+00:00,14.0,5.2,True,0.1825,73.0,73.8,Will the highest temperature in Amsterdam be 23°C on August 18?,0x019600dc41d326d19cecefb33c19c9736483b099d742c629c8de9d80abb7ee6b,67.8,69.6
2026-08-18,Busan,True,0.9214,2026-08-18T05:40:33+00:00,6.32,5.6,True,0.244,89.2,90.0,Will the highest temperature in Busan be 32°C on August 18?,0xd4f037373e9be9a3b85b25e750b08cda8a0116037e414f0d89d4da9d5f73e395,83.6,84.0
2026-08-18,Kuala Lumpur,True,0.931,2026-08-17T21:02:40+00:00,14.96,6.3,True,0.212,94.6,95.4,Will the highest temperature in Kuala Lumpur be 35°C on August 18?,0xb3e37bb39b06f8936b65a74b50fd26ed18e744ad8399538de0ee893d109ba793,88.3,91.3
2026-08-18,Kuala Lumpur,True,0.9135,2026-08-18T02:18:55+00:00,9.68,4.5,True,0.2712,92.8,93.6,Will the highest temperature in Kuala Lumpur be 34°C on August 18?,0x63607e9f0224df72832a3f55bca0e891546747654672bc9e6edd2d784766a09a,88.3,91.3
2026-08-18,Manila,True,0.9322,2026-08-18T04:38:12+00:00,7.36,7.2,True,0.2081,87.4,88.2,Will the highest temperature in Manila be 31°C on August 18?,0xde5cfe460777a6a5fa74e25a40a1c0e8c0b5fdfc59f2a645454ced7b0c13e00e,80.2,82.6
2026-08-18,Manila,True,0.95,2026-08-17T23:46:51+00:00,12.22,5.4,True,0.1504,85.6,86.4,Will the highest temperature in Manila be 30°C on August 18?,0xa05dc277dfc0392eb84380f76d7d9f32514a54043df7773ffb02a6b834f1ca56,80.2,82.6
2026-08-18,Mexico City,True,0.9,2026-08-18T06:02:18+00:00,5.96,5.1,True,0.3183,80.2,81.0,Will the highest temperature in Mexico City be 27°C on August 18?,0xf646d260ae8e486c3c1050e90c172c41f40dd3a4b998e7762dc7901534809fdc,75.1,76.6
2026-08-18,Tokyo,True,0.95,2026-08-17T21:06:36+00:00,14.89,5.2,True,0.1504,91.0,91.8,Will the highest temperature in Tokyo be 33°C on August 18?,0xcec9fbf447970a9d5f2edcd8104e7fec475923f9fd00ac416bda377e53bbc79b,85.8,84.6
2026-08-19,Austin,True,0.9,2026-08-19T06:02:54+00:00,5.95,4.5,True,0.3183,104.0,105.0,Will the highest temperature in Austin be between 104-105°F on August 19?,0x441137af472f16983531131316c3f56c787b60fc93148cf4bb3c8e36280e2f15,99.5,100.8
2026-08-19,Busan,True,0.9,2026-08-19T05:45:52+00:00,6.24,7.5,True,0.3183,91.0,91.8,Will the highest temperature in Busan be 33°C on August 19?,0x668df4feef54f597256e4a1043e707ab9706e1e6ac38490603ca1257bacf459c,83.5,86.6
2026-08-19,Busan,True,0.9488,2026-08-18T23:44:42+00:00,12.26,9.3,True,0.1542,92.8,93.6,Will the highest temperature in Busan be 34°C on August 19?,0x8af922ea7a78f25a4ad67a4d5a4c45602b90ee57224399dfdde9208265fed2a9,83.5,86.6
2026-08-19,Madrid,True,0.9,2026-08-18T22:33:43+00:00,13.44,4.5,True,0.3183,98.2,99.0,Will the highest temperature in Madrid be 37°C on August 19?,0x7b1d6a0720136f6617f7563f9f328345320a7d5c502b3a0e0fb359b1aaa7d2d5,93.7,95.5
2026-08-19,Mexico City,True,0.95,2026-08-19T06:00:49+00:00,5.99,4.9,True,0.1504,82.0,82.8,Will the highest temperature in Mexico City be 28°C on August 19?,0xcc884db9e1ef8e81c379dabff78fccc3d8d7c2868047b772f26a725e1daad3d2,77.1,76.4
2026-08-19,Moscow,True,0.93,2026-08-18T21:30:30+00:00,14.49,4.6,True,0.2153,69.4,70.2,Will the highest temperature in Moscow be 21°C on August 19?,0x5b216d1a6a4194e8044320e627ca5e23d82ccf1d37142f1aebf846bc16d00023,64.8,66.2
2026-08-19,Paris,True,0.9275,2026-08-18T22:09:42+00:00,13.84,8.2,True,0.2236,83.8,,Will the highest temperature in Paris be 29°C or higher on August 19?,0xbaaea7a26f7d718ccb2a5aa8637120ae581a2ce0996967f37b6baae6d84fd112,75.6,82.0
2026-08-19,Paris,True,0.91,2026-08-19T10:58:43+00:00,1.02,4.6,True,0.2832,80.2,81.0,Will the highest temperature in Paris be 27°C on August 19?,0xcf475960527e479dc7677214be2e11486fac184b37c6cd8b0923ef0d0629bbef,75.6,82.0
2026-08-19,Paris,True,0.908,2026-08-18T22:00:37+00:00,13.99,6.4,False,-3.0138,82.0,82.8,Will the highest temperature in Paris be 28°C on August 19?,0xeb8801d99ababf1c0919c3b777dcb60a93d7f939d1b696f104f46f304915ad33,75.6,82.0
2026-08-19,Shanghai,True,0.94,2026-08-18T20:51:33+00:00,15.14,5.4,True,0.1825,91.0,91.8,Will the highest temperature in Shanghai be 33°C on August 19?,0x0cfe0b21bf991e2377b88bbd69946bb577c559fb67468ddf6796c7683abcecfa,85.6,86.4
2026-08-20,Busan,True,0.9379,2026-08-20T01:39:30+00:00,10.34,5.5,True,0.1893,94.6,,Will the highest temperature in Busan be 35°C or higher on August 20?,0x87dade6a3520a83c655c40e4d0e724c4cf1788999c130576a771aa893a1da39e,89.1,88.3
2026-08-20,Kuala Lumpur,True,0.94,2026-08-19T20:09:15+00:00,15.85,7.2,True,0.1825,94.6,95.4,Will the highest temperature in Kuala Lumpur be 35°C on August 20?,0x2d31c1330b218e184684f5ad4d43f3d361b22e30227019bef62ef520abdd9678,87.4,90.6
2026-08-20,London,True,0.9431,2026-08-20T07:52:28+00:00,4.13,4.6,True,0.1725,76.6,77.4,Will the highest temperature in London be 25°C on August 20?,0xd3270da3edf32f65f03c4ed7dd92fd1045a19275980c95629cbb19ec0e35598f,72.0,72.0
2026-08-20,Manila,True,0.9441,2026-08-20T01:31:25+00:00,10.48,5.8,True,0.1693,92.8,93.6,Will the highest temperature in Manila be 34°C on August 20?,0xedf11f026b71c30dd98a02b863d79cd497c0a526b414b20391a16667ba17bb13,87.0,87.4
2026-08-20,Shanghai,True,0.95,2026-08-20T01:29:45+00:00,10.5,5.4,True,0.1504,91.0,91.8,Will the highest temperature in Shanghai be 33°C on August 20?,0x57fa41230ee5cdbf2e7f5649d6995df097dba681543b68436a9dc4abd86d8441,85.6,85.5
2026-08-20,Tokyo,True,0.9474,2026-08-20T04:23:21+00:00,7.61,6.1,True,0.1588,92.8,93.6,Will the highest temperature in Tokyo be 34°C on August 20?,0x1dae46707b1d16bba8bdde7de0e1880b883205a4ef01ea441057a3c683e05eb9,86.7,87.1
2026-08-21,Busan,True,0.949,2026-08-21T05:16:18+00:00,6.73,5.5,True,0.1536,94.6,95.4,Will the highest temperature in Busan be 35°C on August 21?,0x4019e29b8266ddbba2d6358db16c8ba6d0d178d9df4e285157aed03b5e1f6fd1,89.1,87.5
2026-08-21,London,True,0.94,2026-08-21T07:45:34+00:00,4.24,5.4,True,0.1825,74.8,75.6,Will the highest temperature in London be 24°C on August 21?,0xa7b24daf871f416e02b3a7ac4e95e2c6aafb873c23c94a261aae07f0c86617ea,69.4,69.4
2026-08-21,Madrid,True,0.95,2026-08-21T04:03:30+00:00,7.94,4.8,True,0.1504,91.0,91.8,Will the highest temperature in Madrid be 33°C on August 21?,0x8377bb93ab6a5066f9faff66e9cd0d859f8dd7d488aa04dec3c5125a4849efc2,86.2,88.4
2026-08-21,Qingdao,True,0.9498,2026-08-21T00:59:46+00:00,11.0,6.3,True,0.151,91.0,91.8,Will the highest temperature in Qingdao be 33°C on August 21?,0x715b725185bf8021419918f5afbbcef01587d892ee264ce42a5baa93a945ed40,84.7,86.1
2026-08-21,Qingdao,True,0.9,2026-08-20T20:07:42+00:00,15.87,4.5,True,0.3183,89.2,90.0,Will the highest temperature in Qingdao be 32°C on August 21?,0xe5029fa906374d8e8ecc94c95904b19630178c5b54918a26de96fef69a6cc0b2,84.7,86.1
2026-08-21,Shanghai,True,0.94,2026-08-20T23:47:15+00:00,12.21,5.3,True,0.1825,91.0,91.8,Will the highest temperature in Shanghai be 33°C on August 21?,0x1b7f63b7ab6f8913337264367eaf6b528aa865990ca0cc7c5bb48ca2858bbffc,85.7,86.1
2026-08-21,Tokyo,True,0.95,2026-08-20T22:15:10+00:00,13.75,7.5,True,0.1504,91.0,91.8,Will the highest temperature in Tokyo be 33°C on August 21?,0x4e38d11f91f0ddee2659041b6e766c5a3deeb54661e93f94dd9b44ada7bb6d90,83.5,86.2
2026-08-21,Tokyo,True,0.9462,2026-08-21T00:24:16+00:00,11.6,9.3,True,0.1624,92.8,93.6,Will the highest temperature in Tokyo be 34°C on August 21?,0xe9de003bcebdb701f14f020cfdd941bc74f7c97c79e8d16388cd97f3150b9803,83.5,86.2
2026-08-21,Wellington,True,0.9102,2026-08-20T22:57:55+00:00,13.03,6.3,True,0.2826,60.4,61.2,Will the highest temperature in Wellington be 16°C on August 21?,0x9d90f958d1f9c217a5ae262ae23fe610fd0f5b5cadd6c506ab68af8a4e32b3e0,54.1,55.4
2026-08-21,Wellington,True,0.95,2026-08-20T21:36:25+00:00,14.39,4.5,True,0.1504,58.6,59.4,Will the highest temperature in Wellington be 15°C on August 21?,0x0f1a5ea1652e3efd25aee325e7437ba6659309f2a129afee103ea66258441785,54.1,55.4
2026-08-22,Busan,True,0.945,2026-08-22T00:28:48+00:00,11.52,5.5,True,0.1664,94.6,95.4,Will the highest temperature in Busan be 35°C on August 22?,0x7a46403928a5ae023b7776b85ea7bb42108e6d58cc6042f3032adbdf908dfec6,89.1,87.8
2026-08-22,Busan,True,0.9337,2026-08-22T05:07:01+00:00,6.88,7.3,True,0.203,96.4,97.2,Will the highest temperature in Busan be 36°C on August 22?,0x5b02f62eee6344c9e5dd5788a47d16b0afdcfa33e318eb4bd7e5656276813bce,89.1,87.8
2026-08-22,Busan,True,0.9102,2026-08-22T01:02:01+00:00,10.97,9.1,True,0.2826,98.2,,Will the highest temperature in Busan be 37°C or higher on August 22?,0x9045ddeec9bf1931f3db1d6c29bd2c2e6c039734cd3a90d083882188f97a9127,89.1,87.8
2026-08-22,Qingdao,True,0.95,2026-08-21T20:48:03+00:00,15.2,4.6,True,0.1504,92.8,,Will the highest temperature in Qingdao be 34°C or higher on August 22?,0xe7986387cffaaffe0c45bb7dbbe753f8fcce40f84908e925050c5872cb37fb34,88.2,88.5
2026-08-22,Shanghai,True,0.93,2026-08-21T20:03:55+00:00,15.93,5.9,True,0.2153,89.2,90.0,Will the highest temperature in Shanghai be 32°C on August 22?,0xd9e62bb33dce568fdcc75efcef59f401b773d3f4308d348930374369b1eecf29,83.3,86.3
2026-08-22,Tokyo,True,0.9,2026-08-21T20:06:09+00:00,15.9,5.8,True,0.3183,91.0,91.8,Will the highest temperature in Tokyo be 33°C on August 22?,0xb1f178c0665261941c2e85deb838cfa3106153a56bcaf910842bf1bce2b60663,85.2,87.4
2026-08-22,Wellington,True,0.9475,2026-08-22T02:01:48+00:00,9.97,4.8,True,0.1584,62.2,63.0,Will the highest temperature in Wellington be 17°C on August 22?,0x8e0f27ebdb68d5026c7bedef176f8a3df6b9c847a36b0d1bda856a8763fb4afc,57.4,57.8
2026-08-23,Austin,True,0.9453,2026-08-23T07:44:15+00:00,4.26,4.5,True,0.1654,108.0,109.0,Will the highest temperature in Austin be between 108-109°F on August 23?,0xf5e45470726170a02a13208fa028e1664b799056fee62e333c63deffa50c49e7,103.5,104.9
2026-08-23,Busan,True,0.9355,2026-08-23T03:30:07+00:00,8.5,6.5,True,0.1972,98.2,,Will the highest temperature in Busan be 37°C or higher on August 23?,0xcba9d221fd3dcb96ec8d3e5d52ef7267269ad450b40c80686898f714d94c5548,91.7,91.0
2026-08-23,Busan,True,0.9,2026-08-22T20:15:58+00:00,15.73,4.7,True,0.3183,96.4,97.2,Will the highest temperature in Busan be 36°C on August 23?,0x09db6944092bd62f150410907ce344c8c97c0638476d5f26ab6b12f411a82cbd,91.7,91.0
2026-08-23,Madrid,True,0.95,2026-08-23T09:21:21+00:00,2.64,4.7,True,0.1504,94.6,95.4,Will the highest temperature in Madrid be 35°C on August 23?,0x1150061f4c9a461cefe7f990cc83a59486e82b281a32fe1777571b8b96070c14,89.9,91.6
2026-08-23,Manila,True,0.95,2026-08-23T02:09:15+00:00,9.85,7.1,True,0.1504,92.8,93.6,Will the highest temperature in Manila be 34°C on August 23?,0x48b0a5ed6e8ec2c1b92c9684b39ae6ea77e1544c815a42a84b71144570dde67a,85.7,87.9
2026-08-23,Manila,True,0.9384,2026-08-23T00:09:28+00:00,11.84,5.3,True,0.1877,91.0,91.8,Will the highest temperature in Manila be 33°C on August 23?,0x87be08b695fc5deb17860a0a9db61a550019508363f1a00af42b97ab4c6f8ea2,85.7,87.9
2026-08-23,Qingdao,True,0.94,2026-08-23T03:47:25+00:00,8.21,4.5,True,0.1825,91.0,91.8,Will the highest temperature in Qingdao be 33°C on August 23?,0xbbefa982c9911f348649a54f5f50fee7e3b5fa9b991cea9b1f810aea98f3f9f5,86.5,87.8
2026-08-23,Shanghai,True,0.95,2026-08-22T22:53:27+00:00,13.11,5.0,True,0.1504,91.0,91.8,Will the highest temperature in Shanghai be 33°C on August 23?,0xb5e57e370f6517495583ddb44d1f82ac932303077e5f1c8ed1366c0158969d74,86.0,85.9
2026-08-23,Tokyo,True,0.9,2026-08-23T00:34:31+00:00,11.42,6.0,True,0.3183,89.2,90.0,Will the highest temperature in Tokyo be 32°C on August 23?,0x3774a0b7f08528fe7d719a7aee5f1a714a8b61154a79a4c377abb88d0e24f504,83.2,86.7
2026-08-23,Wellington,True,0.95,2026-08-22T22:07:51+00:00,13.87,5.7,True,0.1504,64.0,64.8,Will the highest temperature in Wellington be 18°C on August 23?,0x0bc8b574eaca37addc9655398f654bbb443e0d6767a4138de8abeffd0e65c187,58.3,58.9
2026-08-24,Busan,True,0.94,2026-08-23T20:54:13+00:00,15.1,6.7,True,0.1825,98.2,99.0,Will the highest temperature in Busan be 37°C on August 24?,0x25e9e6fdab4745156440c62ba444e2172d81f7f7dcec6cf70b6f078b520fccfe,91.5,90.8
2026-08-24,Busan,True,0.9116,2026-08-24T03:37:28+00:00,8.38,4.9,True,0.2775,96.4,97.2,Will the highest temperature in Busan be 36°C on August 24?,0x8490ef950de55eec29ef0a7b1647dcac725c0800300debb41e273cd619f53a1a,91.5,90.8
2026-08-24,Jeddah,True,0.93,2026-08-24T05:27:52+00:00,6.54,4.8,True,0.2153,103.6,,Will the highest temperature in Jeddah be 40°C or higher on August 24?,0xd189ff56d5be91159d508983e0113f25791e800f504675d5f4e3ef29c2e7c25e,98.8,100.4
2026-08-24,Los Angeles,True,0.9424,2026-08-24T08:59:36+00:00,3.01,5.9,True,0.1747,88.0,89.0,Will the highest temperature in Los Angeles be between 88-89°F on August 24?,0x5e39ee2fbb75fedc466b9482e36e679122c976e8c376d45d82235fb620b55388,82.1,83.6
2026-08-24,Mexico City,True,0.94,2026-08-24T06:53:25+00:00,5.11,5.2,True,0.1825,71.2,72.0,Will the highest temperature in Mexico City be 22°C on August 24?,0xf1625b581113b712fa18c206d426eeee2aee76c45d297c63934a4899944c95d0,66.0,68.6
2026-08-24,Shanghai,True,0.94,2026-08-23T20:05:57+00:00,15.9,4.5,True,0.1825,91.0,91.8,Will the highest temperature in Shanghai be 33°C on August 24?,0xb12e89921c1eb735d60b902ea12c03c0e1041ae2d7a32a9e35458c9644129365,86.5,86.5
2026-08-24,Tokyo,True,0.9313,2026-08-23T23:54:46+00:00,12.09,8.0,True,0.211,94.6,,Will the highest temperature in Tokyo be 35°C or higher on August 24?,0x650c2ce99015303119fc6bfb8f3cf18ba604fce6fec30668916091d70cc28447,86.6,87.5
2026-08-24,Tokyo,True,0.93,2026-08-23T20:55:18+00:00,15.08,6.2,True,0.2153,92.8,93.6,Will the highest temperature in Tokyo be 34°C on August 24?,0xb64c1d2fcda307119c05919a4c0fd0ce55707543e03b8ae6f768fa2e911e55e5,86.6,87.5
2026-08-25,Busan,True,0.95,2026-08-24T22:56:06+00:00,13.06,6.8,True,0.1504,98.2,99.0,Will the highest temperature in Busan be 37°C on August 25?,0x0779db0b4d54a4851ba5cb1a1c5e13ffa7053ea1c5c7e4983e6661b37a31df61,91.4,90.0
2026-08-25,Busan,True,0.91,2026-08-25T02:03:31+00:00,9.94,5.0,True,0.2832,96.4,97.2,Will the highest temperature in Busan be 36°C on August 25?,0x07817074c7de20263a1d6a2b4a17ac2f4a9443db37b3d28a7fff883876d34573,91.4,90.0
2026-08-25,Jeddah,True,0.92,2026-08-24T22:13:03+00:00,13.78,5.1,True,0.2489,103.6,,Will the highest temperature in Jeddah be 40°C or higher on August 25?,0x6adfaf5c6f9885dce19b17e902d5e459f1f6d95b31f92fce1be264cd31af1004,98.5,99.1
2026-08-25,Los Angeles,True,0.93,2026-08-25T08:09:16+00:00,3.85,4.7,True,0.2153,86.0,87.0,Will the highest temperature in Los Angeles be between 86-87°F on August 25?,0x385dd525df80a5ad2ae4d3209452082943ba5a65981787e2b22ef81f779ab5af,81.3,83.7
2026-08-25,Qingdao,True,0.9,2026-08-24T22:18:27+00:00,13.69,5.2,True,0.3183,92.8,93.6,Will the highest temperature in Qingdao be 34°C on August 25?,0x2879554ede54d916a68f75c0fcf220e4095200cc6daadee7d7100b9ecffee72a,87.6,87.9
2026-08-25,Shanghai,True,0.93,2026-08-24T20:14:37+00:00,15.76,5.7,True,0.2153,91.0,91.8,Will the highest temperature in Shanghai be 33°C on August 25?,0xff9b9e7a09ea7093aa6215382adfd7d9b6de52dc26af556db2b326927dcabb52,85.3,86.3
2026-08-25,Tokyo,True,0.94,2026-08-24T22:27:49+00:00,13.54,7.0,True,0.1825,96.4,97.2,Will the highest temperature in Tokyo be 36°C on August 25?,0x4dc9a63fca1036a7c270ffa869706b51863803532242fe9faaa8c70fc729a155,89.4,90.3
2026-08-25,Tokyo,True,0.91,2026-08-24T23:21:25+00:00,12.64,12.4,True,0.2832,101.8,,Will the highest temperature in Tokyo be 39°C or higher on August 25?,0x9012e77e24a3701392a3699577e727337bebb915fb01a14d139ec7f746477375,89.4,90.3
2026-08-25,Tokyo,True,0.9,2026-08-25T03:11:42+00:00,8.8,5.2,True,0.3183,94.6,95.4,Will the highest temperature in Tokyo be 35°C on August 25?,0x4f29a120aa3ed5a4ab03685e182ef03ed9b1eec153b665e660b0008491ef0c17,89.4,90.3
2026-08-25,Toronto,True,0.9,2026-08-25T04:01:07+00:00,7.98,6.2,True,0.3183,78.4,79.2,Will the highest temperature in Toronto be 26°C on August 25?,0x46c36de060c3bbfcc3d0bfa9a35220966a098e6753dfef1b491836bfd89c9c0c,72.2,74.9
2026-08-25,Wellington,True,0.943,2026-08-25T00:12:18+00:00,11.79,5.0,True,0.1728,64.0,64.8,Will the highest temperature in Wellington be 18°C on August 25?,0xa6b62a6ec9779e38accd9e4758cace263eef003fde32ef0f6d7640486601b169,59.0,59.6
2026-08-26,Busan,True,0.93,2026-08-25T22:48:49+00:00,13.19,5.7,True,0.2153,98.2,99.0,Will the highest temperature in Busan be 37°C on August 26?,0x2c6e47501d8582bff68052b78d930da61090d909b6dbdeee0b47ea8dadc289ee,92.5,91.8
2026-08-26,Kuala Lumpur,True,0.9031,2026-08-25T23:29:37+00:00,12.51,4.5,True,0.3074,91.0,91.8,Will the highest temperature in Kuala Lumpur be 33°C on August 26?,0x754da6484de0d33f8281b609424d802c83a8289e6ea8eab1ce9cb11c2f410414,86.5,88.6
2026-08-26,Manila,True,0.9404,2026-08-26T01:12:42+00:00,10.79,7.4,True,0.1812,92.8,93.6,Will the highest temperature in Manila be 34°C on August 26?,0x6977ee3021301eba5e5d086811dab42ffbf05f1f30166742265f73dfecffd3ba,85.4,88.2
2026-08-26,Qingdao,True,0.9276,2026-08-26T04:00:34+00:00,7.99,4.7,True,0.2232,92.8,93.6,Will the highest temperature in Qingdao be 34°C on August 26?,0x0ccbe57a6e6bb231579f8922fe5cf57450f2c63957bc1525bcd39debdb3384e8,88.1,89.5
2026-08-26,Seattle,True,0.9424,2026-08-26T09:05:07+00:00,2.91,4.9,True,0.1747,82.0,83.0,Will the highest temperature in Seattle be between 82-83°F on August 26?,0x74c9367d588d6c4dacf94c6b39a5cf8cd306f753b7e49b18ad1699add18e34b4,77.1,79.2
2026-08-26,Tokyo,True,0.9,2026-08-25T20:26:48+00:00,15.55,7.0,True,0.3183,96.4,97.2,Will the highest temperature in Tokyo be 36°C on August 26?,0x2cefd3f3925da0482fe63d66d9141e992769dc966481fd983bc72488f7e296aa,89.4,91.0
2026-08-26,Tokyo,True,0.9,2026-08-26T03:29:07+00:00,8.51,5.2,True,0.3183,94.6,95.4,Will the highest temperature in Tokyo be 35°C on August 26?,0x9821be483f41bb78c7dd89df863fdaf2a17ba979ff52762ee56cce77e98d9a95,89.4,91.0
2026-08-27,Madrid,True,0.95,2026-08-26T22:04:09+00:00,13.93,5.9,True,0.1504,78.4,79.2,Will the highest temperature in Madrid be 26°C on August 27?,0xbaff6fca54e13c7030e914de3a1ee4071b1676364ff155b6f480961028e373a6,72.5,71.5
2026-08-27,Manila,True,0.94,2026-08-27T02:03:36+00:00,9.94,7.0,True,0.1825,91.0,91.8,Will the highest temperature in Manila be 33°C on August 27?,0x4cbc3665213cdbfbf1ed932e9b65a5b605dc5ac3c7d55313bc3acb0972f0cdb8,84.0,87.7
2026-08-27,Paris,True,0.9037,2026-08-26T22:04:40+00:00,13.92,6.9,True,0.3053,85.6,,Will the highest temperature in Paris be 30°C or higher on August 27?,0xfd9c32a03c19dd1ed2a9c1e10444bd6e7e0005cdd3d866a6ebe492e56f48edd1,78.7,78.8
2026-08-27,Paris,True,0.9,2026-08-27T10:50:15+00:00,1.16,5.1,True,0.3183,83.8,84.6,Will the highest temperature in Paris be 29°C on August 27?,0x5fb928832fa5fe8eb4f5eec7307a5ddf74dce678550a775c68546514042a457c,78.7,78.8
2026-08-27,Tokyo,True,0.91,2026-08-26T23:37:19+00:00,12.38,5.2,True,0.2832,89.2,90.0,Will the highest temperature in Tokyo be 32°C on August 27?,0x4ab663b222d222cf30463691bea1dec7aae2f5e74d78ba9072896e82bf5b87d8,84.0,86.5
2026-08-27,Tokyo,True,0.9052,2026-08-26T21:42:55+00:00,14.28,7.0,True,0.2998,91.0,91.8,Will the highest temperature in Tokyo be 33°C on August 27?,0x6fdf84638c820d8b11e46527a403e13c5aaf7e90d8b98ed8938c77749e597fd3,84.0,86.5
2026-08-28,Busan,True,0.94,2026-08-27T20:02:40+00:00,15.96,6.9,True,0.1825,89.2,90.0,Will the highest temperature in Busan be 32°C on August 28?,0x429d7aff939b707a5cf57c1e9aae4222164df207bfdc08bfb402bc59edfb1a71,82.3,80.4
2026-08-28,Busan,True,0.9216,2026-08-28T01:04:19+00:00,10.93,5.1,True,0.2435,87.4,88.2,Will the highest temperature in Busan be 31°C on August 28?,0x916c944576ae6a5fe65b5ee40bbf7f750974db525e2913f69d77678841c500ee,82.3,80.4
2026-08-28,Istanbul,True,0.9331,2026-08-27T21:23:25+00:00,14.61,6.6,True,0.2049,80.2,81.0,Will the highest temperature in Istanbul be 27°C on August 28?,0xefbab043329501355bd0ec8016186cc5cd2dd828c05541da4b3c18a38e6d95cd,73.6,74.9
2026-08-28,Istanbul,True,0.95,2026-08-27T21:23:25+00:00,14.61,4.8,True,0.1504,78.4,79.2,Will the highest temperature in Istanbul be 26°C on August 28?,0xbfe9f38ff4ccfc82c4a478247039d452e8aeb4e4608598e5d5bed7147af76e07,73.6,74.9
2026-08-28,Miami,True,0.9212,2026-08-28T04:26:13+00:00,7.56,5.1,True,0.2449,94.0,95.0,Will the highest temperature in Miami be between 94-95°F on August 28?,0x5909f8654bdd6310a2316ee81a8f3dc4f62c77e708afc00ebd04cb5e8d796183,88.9,91.0
2026-08-28,Moscow,True,0.95,2026-08-27T21:03:52+00:00,14.94,4.5,True,0.1504,69.4,70.2,Will the highest temperature in Moscow be 21°C on August 28?,0x31f8c80c47121427016778765b7a92fd636485b17870a8142a9e9c4141fd730a,64.9,68.5
2026-08-28,Moscow,True,0.927,2026-08-28T09:10:48+00:00,2.82,6.3,True,0.2253,71.2,72.0,Will the highest temperature in Moscow be 22°C on August 28?,0xa297e6c64b5c58ea5b91edb63998f5243989b8d7332abea927c0301fcfd142e2,64.9,68.5
2026-08-28,Tokyo,True,0.948,2026-08-27T20:25:39+00:00,15.57,5.5,True,0.1568,92.8,93.6,Will the highest temperature in Tokyo be 34°C on August 28?,0x295de040275a8ab736ddb5f1f60f0c2db75fadc580c0ee670da72b4132423b54,87.3,89.7
2026-08-29,Busan,True,0.92,2026-08-29T01:31:43+00:00,10.47,6.9,True,0.2489,92.8,93.6,Will the highest temperature in Busan be 34°C on August 29?,0x5471618336aa134d1e76d91e306e06824b0fcc7004cd2884e3740e396f42426f,85.9,84.6
2026-08-29,Busan,True,0.9,2026-08-28T22:24:24+00:00,13.59,5.1,True,0.3183,91.0,91.8,Will the highest temperature in Busan be 33°C on August 29?,0x6aa471a9de1119c921ec3a55fe0f559c50a2207c65c8a8b806e0a0d9e64c02f6,85.9,84.6
2026-08-29,Istanbul,True,0.95,2026-08-29T07:14:39+00:00,4.76,5.4,True,0.1504,78.4,79.2,Will the highest temperature in Istanbul be 26°C on August 29?,0xc7b4284ce4758603a0b27740229871bde6e171924826a05ebd212e45f517e1fe,73.0,77.5
2026-08-29,Moscow,True,0.941,2026-08-29T09:11:24+00:00,2.81,5.3,True,0.1792,73.0,73.8,Will the highest temperature in Moscow be 23°C on August 29?,0x4ae6d402e235ac6dd6119c40c7c8fe327be4720fbacadd30b24a1a942d431639,67.7,70.0
2026-08-30,Busan,True,0.95,2026-08-30T01:04:15+00:00,10.93,5.5,True,0.1504,92.8,93.6,Will the highest temperature in Busan be 34°C on August 30?,0x166e7401e2471b81512a0b55243df4fd4af8e4cc6cbe932e613b2f2792bad9d2,87.3,87.4
2026-08-30,London,True,0.9437,2026-08-30T07:26:40+00:00,4.56,4.8,True,0.1706,76.6,77.4,Will the highest temperature in London be 25°C on August 30?,0x8c99abb5e631cee00393115abd3231026ea2d1c4e8affcf224e0b47926f5a876,71.8,70.5
2026-08-30,London,True,0.9493,2026-08-30T07:27:46+00:00,4.54,6.6,True,0.1527,78.4,79.2,Will the highest temperature in London be 26°C on August 30?,0x7e441047b3cd8ed7ec78be4c2bbb1636b73fe6f53fbc10c238fe94367f51d715,71.8,70.5
2026-08-30,Manila,True,0.95,2026-08-29T21:25:31+00:00,14.57,6.9,True,0.1504,89.2,90.0,Will the highest temperature in Manila be 32°C on August 30?,0xcf97263c9a45beddf88a7d6b4f4bbd1f1c4901e55a3c9225597f5d78aefaa8af,82.3,84.8
2026-08-30,Manila,True,0.91,2026-08-30T00:24:34+00:00,11.59,5.1,True,0.2832,87.4,88.2,Will the highest temperature in Manila be 31°C on August 30?,0x43f6cb9aabcb9481ddb25e33f83f6baef88c313217bc3afdc2b98dfa7e45c065,82.3,84.8
2026-08-30,Miami,True,0.9,2026-08-30T05:18:27+00:00,6.69,5.9,True,0.3183,92.0,93.0,Will the highest temperature in Miami be between 92-93°F on August 30?,0x21e61f62da3dd0463cf15c33f9dd470a14baf16eb3fadfa61fd7bb5b0d55415f,86.1,88.3
2026-08-30,Moscow,True,0.9457,2026-08-30T09:59:25+00:00,2.01,6.2,True,0.164,74.8,75.6,Will the highest temperature in Moscow be 24°C on August 30?,0x4caaf908324f0137fc4925ce10b15299893125cda27622d041b89fac14670221,68.6,71.3
2026-08-30,Tokyo,True,0.911,2026-08-30T00:15:48+00:00,11.74,13.1,True,0.2797,91.0,,Will the highest temperature in Tokyo be 33°C or higher on August 30?,0x37357702f19e96847fb832935f3d1e1fe25b52045f280c7c2450d3609f85f52f,77.9,79.6
2026-08-30,Tokyo,True,0.9426,2026-08-29T20:37:57+00:00,15.37,5.9,True,0.174,83.8,84.6,Will the highest temperature in Tokyo be 29°C on August 30?,0x89493f11011195fd3c1e2ccdcae757f155fd87546c4e54b9d47bf6cd8781c676,77.9,79.6
2026-08-30,Wellington,True,0.91,2026-08-30T00:10:34+00:00,11.82,8.7,True,0.2832,69.4,,Will the highest temperature in Wellington be 21°C or higher on August 30?,0x0e4c2200f2ecc042da3bdcf0679aea1b31826be6d4ee17e7cbcc2935e1456ce8,60.7,60.9
2026-08-30,Wellington,True,0.9429,2026-08-30T00:41:46+00:00,11.3,5.1,True,0.1732,65.8,66.6,Will the highest temperature in Wellington be 19°C on August 30?,0x5dfb5f324b9c76159a826cc6437a02d8287adc093d1e8de25dafe9fbb0906233,60.7,60.9
2026-08-31,Manila,True,0.95,2026-08-31T02:22:30+00:00,9.62,7.1,True,0.1504,92.8,93.6,Will the highest temperature in Manila be 34°C on August 31?,0x63966c5064fd8713a7e73c77987aab61e7e8f64db86ae57c524130466fcaee1c,85.7,88.9
2026-08-31,Mexico City,True,0.92,2026-08-31T06:14:28+00:00,5.76,9.0,True,0.2489,78.4,,Will the highest temperature in Mexico City be 26°C or higher on August 31?,0x7275a422e81bca32dc0a674b223732563bfb19ac99e3d68acb16645eda1b7799,69.4,70.3
2026-08-31,Qingdao,True,0.95,2026-08-31T00:11:16+00:00,11.81,4.6,True,0.1504,89.2,90.0,Will the highest temperature in Qingdao be 32°C on August 31?,0x55472ab17a32dc02f8a014d905f5e7d657c61e4e1149f24bcacb9f97dc2d1ac4,84.6,85.1
2026-08-31,Wellington,True,0.901,2026-08-30T22:16:27+00:00,13.73,4.8,True,0.3148,64.0,64.8,Will the highest temperature in Wellington be 18°C on August 31?,0x45de6bd9a3d144ffe3d3b861b9c85e1c361ccb93af53c16472047a500c7ac5c0,59.2,60.6
2026-09-01,Busan,True,0.921,2026-09-01T01:39:18+00:00,10.35,7.9,True,0.2455,94.6,95.4,Will the highest temperature in Busan be 35°C on September 1?,0xf11dc8d11c21fbb27e592dba3e33721bf8b7839ea782b3577ffde4da859a3bc3,86.7,85.3
2026-09-01,Manila,True,0.946,2026-08-31T22:10:55+00:00,13.82,8.0,True,0.1631,92.8,93.6,Will the highest temperature in Manila be 34°C on September 1?,0x514560d69330be7ab17821eb138c70a5261a012f0199103e904849e7b17a9ff2,84.8,89.0
2026-09-01,Manila,True,0.9124,2026-09-01T05:39:52+00:00,6.34,6.2,True,0.2748,91.0,91.8,Will the highest temperature in Manila be 33°C on September 1?,0x41f7fc0bdd09a4f8f85354d3e5d47abba787dcc9c25cfe9dfb0cb753a223631e,84.8,89.0
2026-09-01,Mexico City,True,0.93,2026-09-01T10:08:37+00:00,1.86,9.5,True,0.2153,78.4,,Will the highest temperature in Mexico City be 26°C or higher on September 1?,0x3b3bd073cf117282bdc3d7f0a78b21e1c5f9fa44a9a3a67c600e28a047911de1,68.9,72.1
2026-09-01,Miami,True,0.9,2026-09-01T08:01:10+00:00,3.98,6.5,True,0.3183,92.0,93.0,Will the highest temperature in Miami be between 92-93°F on September 1?,0x313907dddfbd03d635198b1915702200df63b4fc816fb3b661a34e4723f81640,85.5,86.2
2026-09-01,Seattle,True,0.94,2026-09-01T11:17:51+00:00,0.7,5.4,True,0.1825,74.0,75.0,Will the highest temperature in Seattle be between 74-75°F on September 1?,0x9573074e5df01f322c4a758ac63234bef1a3b2eed336914d00b5a629bdc6f506,68.6,69.0
2026-09-01,Tokyo,True,0.94,2026-08-31T20:03:55+00:00,15.93,10.4,True,0.1825,94.6,95.4,Will the highest temperature in Tokyo be 35°C on September 1?,0x4e60c621a7332bc644025a4d427a3a38b7348cbf55d1d5029376ddf484693f96,84.2,84.7
2026-09-02,Austin,True,0.9289,2026-09-02T05:00:28+00:00,6.99,4.5,True,0.2189,102.0,103.0,Will the highest temperature in Austin be between 102-103°F on September 2?,0x439880c8189796d4c13844a94c74cfecc6cddbef7b4d6bbc6d8bfb940e8da0c6,97.5,100.9
2026-09-02,Busan,True,0.95,2026-09-01T20:47:10+00:00,15.21,4.7,True,0.1504,92.8,93.6,Will the highest temperature in Busan be 34°C on September 2?,0xcc591f9f8bb0d07443671414403dab4f9ef3dc025c4a0803ebe0f5c216614d19,88.1,86.2
2026-09-02,Manila,True,0.9121,2026-09-01T23:43:19+00:00,12.28,5.1,True,0.2758,91.0,91.8,Will the highest temperature in Manila be 33°C on September 2?,0x40dbdd913ad5ef6905c94c14d6325a131803baeb5c0d4d6c388fea44b2f12b20,85.9,87.6
2026-09-02,Paris,True,0.94,2026-09-01T22:00:10+00:00,14.0,6.0,True,0.1825,80.2,81.0,Will the highest temperature in Paris be 27°C on September 2?,0x5430e1bfcec39085134062e3ef0dd3b828a16aac10e1e345bc42e6974bb0641c,74.2,75.2
2026-09-02,Tokyo,True,0.95,2026-09-01T20:00:57+00:00,15.98,4.7,True,0.1504,91.0,91.8,Will the highest temperature in Tokyo be 33°C on September 2?,0x58fd7b198db896596b47721184bc1c5ff84c382fde7c1c28764cbd5ef0b7b166,86.3,85.7
2026-09-02,Wellington,True,0.95,2026-09-01T22:13:55+00:00,13.77,5.1,True,0.1504,64.0,64.8,Will the highest temperature in Wellington be 18°C on September 2?,0xfcbe77a41c371675c7dd8c24aaf5b3e6679f5301c5a7a0b4d0240f953584223b,58.9,58.6
2026-09-03,Busan,True,0.941,2026-09-03T01:53:21+00:00,10.11,5.0,True,0.1792,91.0,91.8,Will the highest temperature in Busan be 33°C on September 3?,0xa9096540e4b6d934525bf0dd6f5135ff9d2678e23bc176de96efe322e1c65b7e,86.0,83.5
2026-09-03,Manila,True,0.95,2026-09-02T21:49:48+00:00,14.17,6.6,True,0.1504,91.0,91.8,Will the highest temperature in Manila be 33°C on September 3?,0xad150b43f59623cec7d05343f2dd19690114b6768f17a252469d34fd3dce763f,84.4,87.1
2026-09-03,Mexico City,True,0.95,2026-09-03T09:52:16+00:00,2.13,5.2,True,0.1504,80.2,,Will the highest temperature in Mexico City be 27°C or higher on September 3?,0x2e63d182c1a18c4508f9a31967ebf555594d03dc42b515bb9b1d9c7e5b163dc8,75.0,75.7
2026-09-03,Miami,True,0.91,2026-09-03T05:12:13+00:00,6.8,5.2,True,0.2832,92.0,93.0,Will the highest temperature in Miami be between 92-93°F on September 3?,0xc04f44a53964456a2842db4c509c6fdaca7880e2de9654dbbe45ad54050a6c77,86.8,89.8
2026-09-03,Seattle,True,0.9348,2026-09-03T07:05:34+00:00,4.91,5.8,True,0.1994,68.0,69.0,Will the highest temperature in Seattle be between 68-69°F on September 3?,0xe26a4a17362c7a585ee709ba0e31815b32ef2455dcf1a74f6a527a74a19fe04a,62.2,65.4
2026-09-03,Tokyo,True,0.95,2026-09-02T22:28:09+00:00,13.53,6.5,True,0.1504,91.0,91.8,Will the highest temperature in Tokyo be 33°C on September 3?,0x81753b9c4698a9f98ea5628907f633934dff87fc8f3c445d4183a4b744704e9b,84.5,87.7
2026-09-03,Tokyo,True,0.93,2026-09-03T03:34:12+00:00,8.43,4.7,True,0.2153,89.2,90.0,Will the highest temperature in Tokyo be 32°C on September 3?,0x91394754c4b6c41b7d9d22a4b161a6487bddd4d69f4627e20fbe243ac685b0f7,84.5,87.7
2026-09-03,Toronto,True,0.9433,2026-09-03T11:49:45+00:00,0.17,6.3,True,0.1717,85.6,86.4,Will the highest temperature in Toronto be 30°C on September 3?,0x6db5cd0a7165b5f8b52330daf37a0488028a5e2f7ddb9cfec6d33d77831f9252,79.3,83.8
2026-09-04,Busan,True,0.9158,2026-09-04T04:05:40+00:00,7.91,5.7,True,0.2632,85.6,86.4,Will the highest temperature in Busan be 30°C on September 4?,0x0debf4bb5548b5b32a0f55c365e04eb21164eea9d96735434a315c0eaaac6215,79.9,81.5
2026-09-04,Busan,True,0.95,2026-09-03T21:18:31+00:00,14.69,7.5,True,0.1504,87.4,88.2,Will the highest temperature in Busan be 31°C on September 4?,0xc65ddabf5ec614e63066c4636d01b2ac28193e33624f46465156b8acedc4610c,79.9,81.5
2026-09-04,Manila,True,0.93,2026-09-03T20:41:10+00:00,15.31,4.5,True,0.2153,89.2,90.0,Will the highest temperature in Manila be 32°C on September 4?,0xe24b265b15bcae26f591a927bf3fd44055c01fae00367dd2c6a83f6967cf7d62,84.7,84.3
2026-09-04,Mexico City,True,0.9,2026-09-04T06:00:43+00:00,5.99,5.9,True,0.3183,82.0,82.8,Will the highest temperature in Mexico City be 28°C on September 4?,0xd77ea0ed77eed3454b50cd396cef34c4e90de2322671d66118b4ad34d7cae755,76.1,76.8
2026-09-04,Miami,True,0.93,2026-09-04T04:29:07+00:00,7.51,5.0,True,0.2153,92.0,93.0,Will the highest temperature in Miami be between 92-93°F on September 4?,0xa402dc1560c1e353a555dc6812220aad46991a09c33bb0e5c4c2c53608a92f73,87.0,86.8
2026-09-04,Moscow,True,0.9497,2026-09-04T07:27:09+00:00,4.55,4.5,True,0.1513,73.0,73.8,Will the highest temperature in Moscow be 23°C on September 4?,0x5d08e322164d4bd4a9ef399f3c48534de5a72b57b1625afb40337f2508a232e4,68.5,69.3
2026-09-04,Paris,True,0.9,2026-09-04T03:08:28+00:00,8.86,5.7,True,0.3183,85.6,86.4,Will the highest temperature in Paris be 30°C on September 4?,0xe9849195513350f7f2c5be35c6d6b8432c1842cad3c3313bfab033d1401ebad3,79.9,82.9
2026-09-04,Tokyo,True,0.9073,2026-09-04T00:16:00+00:00,11.73,5.7,True,0.2925,82.0,82.8,Will the highest temperature in Tokyo be 28°C on September 4?,0xafaa2980e13c52e920987409d1bada1c6edb2bf2d9deca7b81881ff1cc6c15de,76.3,78.3
2026-09-04,Tokyo,True,0.9,2026-09-03T20:54:45+00:00,15.09,7.5,True,0.3183,83.8,84.6,Will the highest temperature in Tokyo be 29°C on September 4?,0x353f3267ad3ee59a4a217cc0a169f86d90d6f27e7b074dfbd92f6af1589f1170,76.3,78.3
2026-09-04,Toronto,True,0.92,2026-09-04T10:38:45+00:00,1.35,7.2,True,0.2489,80.2,81.0,Will the highest temperature in Toronto be 27°C on September 4?,0xdc82a1b9bcede700d6360ca9c446c867913f37921be14723fbdd832be503e2ff,73.0,77.8
2026-09-05,Madrid,True,0.95,2026-09-05T10:00:45+00:00,1.99,4.9,True,0.1504,101.8,102.6,Will the highest temperature in Madrid be 39°C on September 5?,0xa9d8ee5bfeb6d95beb16c10f59a7dfdab54e8d50570da76e8d61e6bfe6c3a97e,96.9,97.6
2026-09-05,Manila,True,0.94,2026-09-05T01:04:42+00:00,10.92,4.8,True,0.1825,87.4,88.2,Will the highest temperature in Manila be 31°C on September 5?,0x68107a71721d35a8c6b65804564ebdf5ddb88d8cd52e13240efa6accb571bf37,82.6,81.2
2026-09-05,Miami,True,0.9,2026-09-05T04:09:00+00:00,7.85,5.6,True,0.3183,92.0,93.0,Will the highest temperature in Miami be between 92-93°F on September 5?,0x7c2a6a598cbbf56d0be3231b068dc56676d88817993a4f2f7606cd4c9bab189d,86.4,88.5
2026-09-05,Paris,True,0.94,2026-09-04T22:40:39+00:00,13.32,5.0,True,0.1825,80.2,81.0,Will the highest temperature in Paris be 27°C on September 5?,0x6c49c34b274ef227caf92b4af18e128d81ce2a3faa924029d071fa2ecf9d64b5,75.2,74.7
2026-09-05,Tokyo,True,0.9124,2026-09-04T23:53:10+00:00,12.11,10.9,True,0.275,87.4,,Will the highest temperature in Tokyo be 31°C or higher on September 5?,0xfef0ec411f604c707efc29484507497a19be6c06aa42a432559bcafecbf37b50,76.5,78.0
2026-09-06,Austin,True,0.904,2026-09-06T05:01:03+00:00,6.98,7.5,True,0.3043,98.0,99.0,Will the highest temperature in Austin be between 98-99°F on September 6?,0x56386bb197f653fa4168a14786161b8fb05c95441d405c026a4e4a647b54e79e,90.5,96.1
2026-09-06,Istanbul,True,0.9304,2026-09-06T05:50:40+00:00,6.16,4.8,True,0.2141,89.2,90.0,Will the highest temperature in Istanbul be 32°C on September 6?,0x49f905b96467cd5902c0ade54deeba939acd586743dfb1c8b266d629524fe66b,84.4,86.3
2026-09-06,Miami,True,0.91,2026-09-06T04:04:00+00:00,7.93,5.7,True,0.2832,92.0,93.0,Will the highest temperature in Miami be between 92-93°F on September 6?,0xf9c060c4dec162836d6ed922b76b979efbd81015514d5c2ae9c883bc886f2fcb,86.3,85.8
2026-09-06,Paris,True,0.9371,2026-09-06T00:18:06+00:00,11.7,5.4,True,0.1919,87.4,88.2,Will the highest temperature in Paris be 31°C on September 6?,0x61808cdc2251baf0de251c693c7d5fa373794e5ffa57ba11c223c8dfa1295955,82.0,81.9
2026-09-06,Wellington,True,0.94,2026-09-05T21:00:45+00:00,14.99,4.5,True,0.1825,62.2,63.0,Will the highest temperature in Wellington be 17°C on September 6?,0x1326a62bdd0159d835217f3ca18514a0b27c688024e86d82120033c314a6bca0,57.7,57.4
2026-09-07,Busan,True,0.94,2026-09-06T21:24:13+00:00,14.6,6.5,True,0.1825,87.4,88.2,Will the highest temperature in Busan be 31°C on September 7?,0x83bea77c7b28c14192eee6fdd1ea9f26658bc1cc3708dcb5bc2de0a5596ac0f0,80.9,84.0
2026-09-07,Busan,True,0.9143,2026-09-07T05:20:03+00:00,6.67,4.7,True,0.2683,85.6,86.4,Will the highest temperature in Busan be 30°C on September 7?,0x2868a3deeac9cda9a4e6516cd51c18c7b1243848013c8c24b7078118692e697f,80.9,84.0
2026-09-07,Istanbul,True,0.9409,2026-09-07T09:21:25+00:00,2.64,4.9,True,0.1796,82.0,82.8,Will the highest temperature in Istanbul be 28°C on September 7?,0x8b4049905aa354d7a71791001e07694eb7926210639406a1110582eccd090418,77.1,78.5
2026-09-07,Kuala Lumpur,True,0.93,2026-09-07T04:00:16+00:00,8.0,4.9,True,0.2153,96.4,97.2,Will the highest temperature in Kuala Lumpur be 36°C on September 7?,0xc516cb18015f92b4e86373304c76d740bdf72219715d265c31590bff01ffe107,91.5,94.2
2026-09-07,Paris,True,0.9487,2026-09-07T07:33:52+00:00,4.44,6.0,True,0.1545,85.6,86.4,Will the highest temperature in Paris be 30°C on September 7?,0xf3d7e387f88a38d427b7a8c382e23c02f1bced5a19b5be6c42437072198e4802,79.6,82.7
2026-09-08,Austin,True,0.9,2026-09-08T05:06:58+00:00,6.88,5.0,True,0.3183,102.0,103.0,Will the highest temperature in Austin be between 102-103°F on September 8?,0xfe562f7a82e6da872d7b58a1edbf5af784edd082466306649e1b1cc23953b39e,97.0,99.4
2026-09-08,Busan,True,0.95,2026-09-07T22:30:16+00:00,13.5,5.3,True,0.1504,89.2,90.0,Will the highest temperature in Busan be 32°C on September 8?,0x2d13f8e33861ab7fec341913bb6433d4f3cb125ac812225482c0b3ba4c9c8add,83.9,83.3
2026-09-08,Jeddah,True,0.93,2026-09-07T22:50:06+00:00,13.16,4.7,True,0.2153,101.8,,Will the highest temperature in Jeddah be 39°C or higher on September 8?,0x8fde528cc0b8c87190663beb5ee100593ce20e0a28980784782f74c8ded1a69d,97.1,100.9
2026-09-08,Qingdao,True,0.91,2026-09-07T23:47:58+00:00,12.2,9.1,True,0.2832,92.8,,Will the highest temperature in Qingdao be 34°C or higher on September 8?,0x77ac0e744b7a0cca750440f841410953b528ea1442bd8e8d1f0bbd4a252bec7b,83.7,82.5
2026-09-08,Tokyo,True,0.92,2026-09-07T21:12:46+00:00,14.79,5.3,True,0.2489,87.4,88.2,Will the highest temperature in Tokyo be 31°C on September 8?,0x12ffcb84b2e91053f90179486edec0bec76cd9283d7708416bc1519fc82d66e9,82.1,83.3
2026-09-09,Austin,True,0.95,2026-09-09T11:30:42+00:00,0.49,6.2,True,0.1504,102.0,103.0,Will the highest temperature in Austin be between 102-103°F on September 9?,0xfc208e104f0aff590d389402b003c75cc67404829f4de7efd8577bca2315f907,95.8,98.6
2026-09-09,Busan,True,0.91,2026-09-08T20:12:30+00:00,15.79,4.6,True,0.2832,82.0,82.8,Will the highest temperature in Busan be 28°C on September 9?,0x370ca63b983eec6bd4e5ed7d8997d9bf252f97a0c531377576583d0e6be448b6,77.4,79.1
2026-09-09,Tokyo,True,0.9403,2026-09-09T01:13:07+00:00,10.78,6.0,True,0.1815,92.8,93.6,Will the highest temperature in Tokyo be 34°C on September 9?,0x6435bac8c52656314a5af945b1b978175999883baf8934cc7196831acf7f59ef,86.8,86.2
2026-09-09,Toronto,True,0.9347,2026-09-09T11:42:09+00:00,0.3,5.9,True,0.1998,82.0,82.8,Will the highest temperature in Toronto be 28°C on September 9?,0xec89c16e4a5afc9e1436db5eaa6f901cd4ee81e7e7aad069976b04a075a795e5,76.1,77.9
2026-09-09,Wellington,True,0.9017,2026-09-08T23:15:51+00:00,12.74,5.5,True,0.3123,60.4,61.2,Will the highest temperature in Wellington be 16°C on September 9?,0xc4810fa3b218cc5bf49004485ccf1ce15755605f442d5ebee1dd493d43c52d1d,54.9,55.9
2026-09-10,Austin,True,0.91,2026-09-10T05:16:54+00:00,6.72,4.6,True,0.2832,100.0,101.0,Will the highest temperature in Austin be between 100-101°F on September 10?,0x9a6cfbc143d8d97fb6b3072654299f05f6acf21dcd6cec0820c9dc13b6df1a4d,95.4,97.9
2026-09-10,Austin,True,0.95,2026-09-10T05:58:52+00:00,6.02,6.6,True,0.1504,102.0,103.0,Will the highest temperature in Austin be between 102-103°F on September 10?,0xa7589916a0e094223c46dcfa4f9e16ff534010b588abf6e11dcafaa09dda250f,95.4,97.9
2026-09-10,Busan,True,0.95,2026-09-10T03:49:01+00:00,8.18,6.4,True,0.1504,83.8,84.6,Will the highest temperature in Busan be 29°C on September 10?,0x5d5d87e1bd53029124a1a8f9317cfcf6b5f34932ad956949b2c4e9ae6cac1529,77.4,78.7
2026-09-10,Busan,True,0.94,2026-09-09T21:35:28+00:00,14.41,4.6,True,0.1825,82.0,82.8,Will the highest temperature in Busan be 28°C on September 10?,0x4321477872a5cb8a5bc51bda625222364c8031ffb20eb29f58846c9365f37e07,77.4,78.7
2026-09-10,Manila,True,0.9206,2026-09-09T23:51:28+00:00,12.14,5.5,True,0.2468,87.4,88.2,Will the highest temperature in Manila be 31°C on September 10?,0x7cdd93c7f1c08a0c0450f051509dbce2c933a98e3cd26173f69496180fcbb3e7,81.9,84.5
2026-09-10,Manila,True,0.94,2026-09-10T01:47:01+00:00,10.22,7.3,True,0.1825,89.2,90.0,Will the highest temperature in Manila be 32°C on September 10?,0x9f7790ae18c9225b9831453e24d853c38a9884e6684568034db0623dd7b5a777,81.9,84.5
2026-09-10,Mexico City,True,0.9,2026-09-10T06:00:55+00:00,5.98,5.0,True,0.3183,78.4,79.2,Will the highest temperature in Mexico City be 26°C on September 10?,0x4d4a52cd8e0e60f9f1e6fd1556da05e3f642da3c3373ed1ab440911882877865,73.4,75.1
2026-09-10,Miami,True,0.92,2026-09-10T04:04:30+00:00,7.92,4.8,True,0.2489,92.0,93.0,Will the highest temperature in Miami be between 92-93°F on September 10?,0x639d9ee141c45a5d8d1135f5f352f8a7fd949fb9f1d35a10b499326547204354,87.2,85.1
2026-09-11,Busan,True,0.9,2026-09-11T03:14:21+00:00,8.76,6.4,True,0.3183,85.6,86.4,Will the highest temperature in Busan be 30°C on September 11?,0xa641f4fae2a0641cf91aa73139e71f8888332c12d0aa5185bb5ea566c764055b,79.2,83.8
2026-09-11,Kuala Lumpur,True,0.9017,2026-09-11T01:21:24+00:00,10.64,5.1,True,0.3124,89.2,90.0,Will the highest temperature in Kuala Lumpur be 32°C on September 11?,0x2b4c306bb813d89dd507942b6d913983bb01fd945a8da7c2f040aad29c997c83,84.1,88.1
2026-09-11,Kuala Lumpur,True,0.93,2026-09-10T20:01:37+00:00,15.97,6.9,True,0.2153,91.0,91.8,Will the highest temperature in Kuala Lumpur be 33°C on September 11?,0x9324d7864b8baeab3f10ab68a3bb5c7d04d5e224b2cb176164d3faf422617f28,84.1,88.1
2026-09-11,Manila,True,0.9,2026-09-11T00:11:07+00:00,11.81,5.8,True,0.3183,89.2,90.0,Will the highest temperature in Manila be 32°C on September 11?,0x1a226b13c03a7403b09b29818a2b5802416278c243fd34d7bc3af59aad960f03,83.4,86.2
2026-09-11,Miami,True,0.95,2026-09-11T06:17:10+00:00,5.71,6.8,True,0.1504,92.0,93.0,Will the highest temperature in Miami be between 92-93°F on September 11?,0xc90e8858b4bf824f70e08a5755958fb1a61c556398b226d06ea5f5d454aa01bc,85.2,86.6
2026-09-11,Moscow,True,0.9415,2026-09-10T21:01:36+00:00,14.97,6.5,True,0.1775,67.6,68.4,Will the highest temperature in Moscow be 20°C on September 11?,0x6f98fe7641866ea17029cdc43f3c027556120c6041ca1b765173d7a97b97c1cb,61.1,62.4
2026-09-11,Moscow,True,0.93,2026-09-10T21:00:24+00:00,14.99,4.7,True,0.2153,65.8,66.6,Will the highest temperature in Moscow be 19°C on September 11?,0x5bd0fec691e9caff2a55def53e2d1b8aaec816b035f4ca9dab70108f5231e872,61.1,62.4
2026-09-11,Paris,True,0.95,2026-09-10T23:16:10+00:00,12.73,4.5,True,0.1504,78.4,79.2,Will the highest temperature in Paris be 26°C on September 11?,0x5ca174b25643712ecf720170a9f8848bf69f8ec15442f845a150230a29c31754,73.9,75.1
2026-09-12,Busan,True,0.9408,2026-09-12T03:08:16+00:00,8.86,6.9,True,0.1798,89.2,90.0,Will the highest temperature in Busan be 32°C on September 12?,0xcb19bfe5d76806249ed935e22843244e01b56c252dd473178bb68fb468b6be8c,82.3,83.6
2026-09-12,Busan,True,0.94,2026-09-11T23:02:12+00:00,12.96,5.1,True,0.1825,87.4,88.2,Will the highest temperature in Busan be 31°C on September 12?,0x037cf59f2a4803f3ffa1b999369fe2b29affe539991d88208dfbadf4bf9cf711,82.3,83.6
2026-09-12,Kuala Lumpur,True,0.9271,2026-09-11T21:32:55+00:00,14.45,5.0,True,0.2251,92.8,93.6,Will the highest temperature in Kuala Lumpur be 34°C on September 12?,0x6bba1b947148da22ed093562cfe0ba9c12b7d3c1ede906d93649f1d25372fb8c,87.8,89.0
2026-09-12,Manila,True,0.92,2026-09-11T22:23:21+00:00,13.61,4.5,True,0.2489,91.0,91.8,Will the highest temperature in Manila be 33°C on September 12?,0xbf4c4ac821e7159202342c00e2b332719d28c992c2e59f49ec982f3815fdf457,86.5,87.1
2026-09-13,Busan,True,0.9,2026-09-12T22:00:13+00:00,14.0,5.1,True,0.3183,89.2,90.0,Will the highest temperature in Busan be 32°C on September 13?,0x93c725647923d3607775f47f12dfce5ba075e33cffe130a694c9d59b125cc464,84.1,86.6
2026-09-13,Manila,True,0.95,2026-09-12T22:34:46+00:00,13.42,5.3,True,0.1504,92.8,,Will the highest temperature in Manila be 34°C or higher on September 13?,0x8963449ef54a882d0120d78b9f67ba9250a9a05a434a42243c4800cee83d18bd,87.5,88.7
2026-09-13,Mexico City,True,0.9422,2026-09-13T06:10:43+00:00,5.82,7.0,True,0.1753,80.2,,Will the highest temperature in Mexico City be 27°C or higher on September 13?,0x96c71dc1b7607c12bebb1e33e6a376a071e6305d9215f8438bb74375dc6b8eaa,73.2,73.1
2026-09-13,Tokyo,True,0.95,2026-09-12T20:19:00+00:00,15.68,4.8,True,0.1504,83.8,84.6,Will the highest temperature in Tokyo be 29°C on September 13?,0xf45eb99ab3e9cba310e0f5f8814058a194f6254821cb37bd4ad7893b153628b1,79.0,79.2
2026-09-13,Warsaw,True,0.95,2026-09-13T10:57:28+00:00,1.04,4.8,True,0.1504,71.2,72.0,Will the highest temperature in Warsaw be 22°C on September 13?,0xee9bf8c44622efbfafcdee3bd7868e0823e76fae096689678080bd5c1e12ef1f,66.4,66.3
2026-09-14,Busan,True,0.9162,2026-09-14T02:07:12+00:00,9.88,7.1,True,0.262,89.2,90.0,Will the highest temperature in Busan be 32°C on September 14?,0x7c1e7cfcfd8e123897b9c75c05be67dcbfa7d073ac94d9ad035d8347f826dd5c,82.1,86.5
2026-09-14,Mexico City,True,0.9,2026-09-14T06:28:33+00:00,5.52,4.9,True,0.3183,76.6,77.4,Will the highest temperature in Mexico City be 25°C on September 14?,0xcf49a6110dfac107a8db04088c728b64ac4e250fd5af6f3d974adcf67dcb4fe3,71.7,71.8
2026-09-14,Miami,True,0.9,2026-09-14T11:51:18+00:00,0.14,5.4,True,0.3183,92.0,93.0,Will the highest temperature in Miami be between 92-93°F on September 14?,0xfdda1fe6e3a2d047c34a9a563fecccb45aad0757eb509a69930f52d80ebfbe1d,86.6,89.9
2026-09-14,Singapore,True,0.9479,2026-09-14T06:44:34+00:00,5.26,6.1,True,0.1572,92.8,93.6,Will the highest temperature in Singapore be 34°C on September 14?,0xa85b4d600668affcadba3ba2f2d37825aa6c57c585ed665ef94254734a420e0c,86.7,89.5
2026-09-14,Tokyo,True,0.95,2026-09-14T00:43:34+00:00,11.27,6.0,True,0.1504,91.0,91.8,Will the highest temperature in Tokyo be 33°C on September 14?,0x6c0378b61b3ea82b82b40cd4da5e54ef8ae858ec08fe4c54a66fe22ec2a4e44e,85.0,84.0
2026-09-14,Wellington,True,0.9,2026-09-14T01:17:15+00:00,10.71,5.8,True,0.3183,64.0,64.8,Will the highest temperature in Wellington be 18°C on September 14?,0xc259687cfb9ebdfbf9be94a5bbf94177efb6d109f587d3f87bb5c93154888431,58.2,58.2
